{
  "batchId" : "0c585a0e-4c48-441b-a1f2-c66aa0128ea1",
  "batchTimestamp" : "2018-12-04T01:40:23Z",
  "categories" : [ {
    "label" : "/technology and computing/operating systems",
    "score" : 0.961177
  }, {
    "label" : "/technology and computing/hardware/computer",
    "score" : 0.920542
  }, {
    "label" : "/technology and computing/hardware/computer peripherals",
    "score" : 0.900751
  } ],
  "concepts" : [ {
    "dbpediaResource" : "http://dbpedia.org/resource/2016",
    "relevance" : 0.91136,
    "text" : "2016"
  } ],
  "entities" : [ {
    "count" : 4,
    "disambiguation" : {
      "dbpediaResource" : "http://dbpedia.org/resource/IBM",
      "name" : "IBM",
      "subtype" : [ "SoftwareLicense", "OperatingSystemDeveloper", "ProcessorManufacturer", "SoftwareDeveloper", "CompanyFounder", "ProgrammingLanguageDesigner", "ProgrammingLanguageDeveloper" ]
    },
    "emotion" : null,
    "mentions" : null,
    "relevance" : 0.935829,
    "sentiment" : null,
    "text" : "IBM",
    "type" : "Company"
  }, {
    "count" : 1,
    "disambiguation" : null,
    "emotion" : null,
    "mentions" : null,
    "relevance" : 0.451316,
    "sentiment" : null,
    "text" : "Darren Peloso",
    "type" : "Person"
  } ],
  "fileName" : "Darren BlueMix Certificate.pdf",
  "keywords" : [ {
    "emotion" : null,
    "relevance" : 0.679442,
    "sentiment" : null,
    "text" : "IBM"
  }, {
    "emotion" : null,
    "relevance" : 0.651725,
    "sentiment" : null,
    "text" : "lectures"
  }, {
    "emotion" : null,
    "relevance" : 0.553955,
    "sentiment" : null,
    "text" : "course"
  }, {
    "emotion" : null,
    "relevance" : 0.553955,
    "sentiment" : null,
    "text" : "November"
  } ],
  "sourceConnector" : "FileSystem Connector",
  "sourceEnrichment" : "Watson Natural Language Understanding",
  "sourceText" : "\nDarren Peloso\n\nIBM Bluemix essentials\n\n22 November 2016\n\n\n\t\t2016-11-23T00:10:33+0100\n\tIBM developerWorks\n\tIBM developerWorks\n\tCompleted all lectures in IBM developerWorks course\n\n\n\n\n"
}