{
  "batchId" : "0c585a0e-4c48-441b-a1f2-c66aa0128ea1",
  "batchTimestamp" : "2018-12-04T01:40:32Z",
  "categories" : [ {
    "label" : "/technology and computing/operating systems",
    "score" : 0.985603
  }, {
    "label" : "/technology and computing/hardware/computer/servers",
    "score" : 0.981629
  }, {
    "label" : "/technology and computing/internet technology/email",
    "score" : 0.956115
  } ],
  "concepts" : [ {
    "dbpediaResource" : "http://dbpedia.org/resource/Computer_security",
    "relevance" : 0.945853,
    "text" : "Computer security"
  }, {
    "dbpediaResource" : "http://dbpedia.org/resource/Access_control",
    "relevance" : 0.657398,
    "text" : "Access control"
  }, {
    "dbpediaResource" : "http://dbpedia.org/resource/Authentication",
    "relevance" : 0.641965,
    "text" : "Authentication"
  }, {
    "dbpediaResource" : "http://dbpedia.org/resource/Password",
    "relevance" : 0.628606,
    "text" : "Password"
  }, {
    "dbpediaResource" : "http://dbpedia.org/resource/Output",
    "relevance" : 0.600949,
    "text" : "Output"
  }, {
    "dbpediaResource" : "http://dbpedia.org/resource/HTTP",
    "relevance" : 0.549896,
    "text" : "HTTP"
  }, {
    "dbpediaResource" : "http://dbpedia.org/resource/Security",
    "relevance" : 0.544018,
    "text" : "Security"
  }, {
    "dbpediaResource" : "http://dbpedia.org/resource/Web_application_framework",
    "relevance" : 0.493453,
    "text" : "Web application framework"
  }, {
    "dbpediaResource" : "http://dbpedia.org/resource/User_(computing)",
    "relevance" : 0.472587,
    "text" : "User"
  }, {
    "dbpediaResource" : "http://dbpedia.org/resource/Authorization",
    "relevance" : 0.4687,
    "text" : "Authorization"
  }, {
    "dbpediaResource" : "http://dbpedia.org/resource/Transport_Layer_Security",
    "relevance" : 0.440742,
    "text" : "Transport Layer Security"
  }, {
    "dbpediaResource" : "http://dbpedia.org/resource/Password_strength",
    "relevance" : 0.409091,
    "text" : "Password strength"
  }, {
    "dbpediaResource" : "http://dbpedia.org/resource/Information_security",
    "relevance" : 0.390518,
    "text" : "Information security"
  }, {
    "dbpediaResource" : "http://dbpedia.org/resource/Cryptography",
    "relevance" : 0.389406,
    "text" : "Cryptography"
  }, {
    "dbpediaResource" : "http://dbpedia.org/resource/Database_security",
    "relevance" : 0.374939,
    "text" : "Database security"
  }, {
    "dbpediaResource" : "http://dbpedia.org/resource/Hypertext_Transfer_Protocol",
    "relevance" : 0.366739,
    "text" : "Hypertext Transfer Protocol"
  }, {
    "dbpediaResource" : "http://dbpedia.org/resource/Database",
    "relevance" : 0.360636,
    "text" : "Database"
  }, {
    "dbpediaResource" : "http://dbpedia.org/resource/Security_engineering",
    "relevance" : 0.35918,
    "text" : "Security engineering"
  }, {
    "dbpediaResource" : "http://dbpedia.org/resource/Session_fixation",
    "relevance" : 0.355735,
    "text" : "Session fixation"
  }, {
    "dbpediaResource" : "http://dbpedia.org/resource/Application_security",
    "relevance" : 0.352309,
    "text" : "Application security"
  }, {
    "dbpediaResource" : "http://dbpedia.org/resource/Software_development_process",
    "relevance" : 0.34431,
    "text" : "Software development process"
  }, {
    "dbpediaResource" : "http://dbpedia.org/resource/Login",
    "relevance" : 0.341626,
    "text" : "Login"
  }, {
    "dbpediaResource" : "http://dbpedia.org/resource/Data_validation",
    "relevance" : 0.330817,
    "text" : "Data validation"
  }, {
    "dbpediaResource" : "http://dbpedia.org/resource/HTTP_cookie",
    "relevance" : 0.32533,
    "text" : "HTTP cookie"
  }, {
    "dbpediaResource" : "http://dbpedia.org/resource/Physical_security",
    "relevance" : 0.32057,
    "text" : "Physical security"
  }, {
    "dbpediaResource" : "http://dbpedia.org/resource/Data_dictionary",
    "relevance" : 0.315791,
    "text" : "Data dictionary"
  }, {
    "dbpediaResource" : "http://dbpedia.org/resource/Character_encoding",
    "relevance" : 0.313762,
    "text" : "Character encoding"
  }, {
    "dbpediaResource" : "http://dbpedia.org/resource/Session_(computer_science)",
    "relevance" : 0.308691,
    "text" : "Session"
  }, {
    "dbpediaResource" : "http://dbpedia.org/resource/Luser",
    "relevance" : 0.30643,
    "text" : "Luser"
  }, {
    "dbpediaResource" : "http://dbpedia.org/resource/Vulnerability_(computing)",
    "relevance" : 0.305739,
    "text" : "Vulnerability"
  }, {
    "dbpediaResource" : "http://dbpedia.org/resource/Data",
    "relevance" : 0.287383,
    "text" : "Data"
  }, {
    "dbpediaResource" : "http://dbpedia.org/resource/Identity_management",
    "relevance" : 0.278349,
    "text" : "Identity management"
  }, {
    "dbpediaResource" : "http://dbpedia.org/resource/File_system",
    "relevance" : 0.272089,
    "text" : "File system"
  }, {
    "dbpediaResource" : "http://dbpedia.org/resource/Two-factor_authentication",
    "relevance" : 0.269262,
    "text" : "Two-factor authentication"
  }, {
    "dbpediaResource" : "http://dbpedia.org/resource/Internet",
    "relevance" : 0.267506,
    "text" : "Internet"
  }, {
    "dbpediaResource" : "http://dbpedia.org/resource/Source_code",
    "relevance" : 0.255921,
    "text" : "Source code"
  }, {
    "dbpediaResource" : "http://dbpedia.org/resource/PHP",
    "relevance" : 0.252086,
    "text" : "PHP"
  }, {
    "dbpediaResource" : "http://dbpedia.org/resource/Exploit_(computer_security)",
    "relevance" : 0.250714,
    "text" : "Exploit"
  }, {
    "dbpediaResource" : "http://dbpedia.org/resource/Computer",
    "relevance" : 0.245957,
    "text" : "Computer"
  }, {
    "dbpediaResource" : "http://dbpedia.org/resource/Web_server",
    "relevance" : 0.245024,
    "text" : "Web server"
  } ],
  "entities" : [ {
    "count" : 3,
    "disambiguation" : null,
    "emotion" : null,
    "mentions" : null,
    "relevance" : 0.3581,
    "sentiment" : null,
    "text" : "development team",
    "type" : "JobTitle"
  }, {
    "count" : 3,
    "disambiguation" : null,
    "emotion" : null,
    "mentions" : null,
    "relevance" : 0.351241,
    "sentiment" : null,
    "text" : "developer",
    "type" : "JobTitle"
  }, {
    "count" : 2,
    "disambiguation" : null,
    "emotion" : null,
    "mentions" : null,
    "relevance" : 0.329373,
    "sentiment" : null,
    "text" : "Forgery",
    "type" : "Crime"
  }, {
    "count" : 1,
    "disambiguation" : {
      "dbpediaResource" : "http://dbpedia.org/resource/United_States_Department_of_Homeland_Security",
      "name" : "United States Department of Homeland Security",
      "subtype" : [ "GovernmentAgency", "GovernmentalBody" ]
    },
    "emotion" : null,
    "mentions" : null,
    "relevance" : 0.314517,
    "sentiment" : null,
    "text" : "Department of Homeland Security",
    "type" : "Organization"
  }, {
    "count" : 1,
    "disambiguation" : null,
    "emotion" : null,
    "mentions" : null,
    "relevance" : 0.311804,
    "sentiment" : null,
    "text" : "developmentteam",
    "type" : "JobTitle"
  }, {
    "count" : 1,
    "disambiguation" : {
      "dbpediaResource" : "http://dbpedia.org/resource/Adobe_Systems",
      "name" : "Adobe Systems",
      "subtype" : [ "SoftwareDeveloper", "VentureFundedCompany" ]
    },
    "emotion" : null,
    "mentions" : null,
    "relevance" : 0.301052,
    "sentiment" : null,
    "text" : "Adobe",
    "type" : "Company"
  }, {
    "count" : 1,
    "disambiguation" : null,
    "emotion" : null,
    "mentions" : null,
    "relevance" : 0.284279,
    "sentiment" : null,
    "text" : "The OWASP Foundation",
    "type" : "Organization"
  }, {
    "count" : 1,
    "disambiguation" : null,
    "emotion" : null,
    "mentions" : null,
    "relevance" : 0.265317,
    "sentiment" : null,
    "text" : "Canonicalize",
    "type" : "Person"
  }, {
    "count" : 1,
    "disambiguation" : null,
    "emotion" : null,
    "mentions" : null,
    "relevance" : 0.253588,
    "sentiment" : null,
    "text" : "CWE",
    "type" : "Organization"
  }, {
    "count" : 1,
    "disambiguation" : null,
    "emotion" : null,
    "mentions" : null,
    "relevance" : 0.237341,
    "sentiment" : null,
    "text" : "30 \ndays",
    "type" : "Quantity"
  }, {
    "count" : 1,
    "disambiguation" : null,
    "emotion" : null,
    "mentions" : null,
    "relevance" : 0.237341,
    "sentiment" : null,
    "text" : "one day",
    "type" : "Quantity"
  }, {
    "count" : 1,
    "disambiguation" : null,
    "emotion" : null,
    "mentions" : null,
    "relevance" : 0.237341,
    "sentiment" : null,
    "text" : "60%",
    "type" : "Quantity"
  } ],
  "fileName" : "OWASP_SCP_Quick_Reference_Guide_v2.pdf",
  "keywords" : [ {
    "emotion" : null,
    "relevance" : 0.838926,
    "sentiment" : null,
    "text" : "ï‚Ÿ Conduct"
  }, {
    "emotion" : null,
    "relevance" : 0.627504,
    "sentiment" : null,
    "text" : "last use"
  }, {
    "emotion" : null,
    "relevance" : 0.601012,
    "sentiment" : null,
    "text" : "ï‚Ÿ Require authentication"
  }, {
    "emotion" : null,
    "relevance" : 0.589479,
    "sentiment" : null,
    "text" : "Access Control"
  }, {
    "emotion" : null,
    "relevance" : 0.588194,
    "sentiment" : null,
    "text" : "application layer"
  }, {
    "emotion" : null,
    "relevance" : 0.584552,
    "sentiment" : null,
    "text" : "Data Protection"
  }, {
    "emotion" : null,
    "relevance" : 0.579204,
    "sentiment" : null,
    "text" : "ï‚Ÿ Establish"
  }, {
    "emotion" : null,
    "relevance" : 0.576227,
    "sentiment" : null,
    "text" : "Software Security"
  }, {
    "emotion" : null,
    "relevance" : 0.567654,
    "sentiment" : null,
    "text" : "ï‚Ÿ Use"
  }, {
    "emotion" : null,
    "relevance" : 0.562308,
    "sentiment" : null,
    "text" : "ï‚Ÿ Password hashing"
  }, {
    "emotion" : null,
    "relevance" : 0.559455,
    "sentiment" : null,
    "text" : "System Configuration"
  }, {
    "emotion" : null,
    "relevance" : 0.558541,
    "sentiment" : null,
    "text" : "set of general software security"
  }, {
    "emotion" : null,
    "relevance" : 0.552547,
    "sentiment" : null,
    "text" : "ï‚Ÿ Utilize input"
  }, {
    "emotion" : null,
    "relevance" : 0.551584,
    "sentiment" : null,
    "text" : "ï‚Ÿ Password"
  }, {
    "emotion" : null,
    "relevance" : 0.549243,
    "sentiment" : null,
    "text" : "Session Management"
  }, {
    "emotion" : null,
    "relevance" : 0.548409,
    "sentiment" : null,
    "text" : "Password Management"
  }, {
    "emotion" : null,
    "relevance" : 0.547249,
    "sentiment" : null,
    "text" : "Secure Coding Practices Checklist"
  }, {
    "emotion" : null,
    "relevance" : 0.547012,
    "sentiment" : null,
    "text" : "ï‚Ÿ Implement account"
  }, {
    "emotion" : null,
    "relevance" : 0.542147,
    "sentiment" : null,
    "text" : "web applications"
  }, {
    "emotion" : null,
    "relevance" : 0.541793,
    "sentiment" : null,
    "text" : "File Management"
  }, {
    "emotion" : null,
    "relevance" : 0.539521,
    "sentiment" : null,
    "text" : "ï‚Ÿ Prevent password"
  }, {
    "emotion" : null,
    "relevance" : 0.539294,
    "sentiment" : null,
    "text" : "software development"
  }, {
    "emotion" : null,
    "relevance" : 0.538535,
    "sentiment" : null,
    "text" : "account management functions"
  }, {
    "emotion" : null,
    "relevance" : 0.53662,
    "sentiment" : null,
    "text" : "set encoding"
  }, {
    "emotion" : null,
    "relevance" : 0.536007,
    "sentiment" : null,
    "text" : "ï‚Ÿ Disable"
  }, {
    "emotion" : null,
    "relevance" : 0.535754,
    "sentiment" : null,
    "text" : "ï‚Ÿ Notify users"
  }, {
    "emotion" : null,
    "relevance" : 0.535655,
    "sentiment" : null,
    "text" : "proper character sets"
  }, {
    "emotion" : null,
    "relevance" : 0.535491,
    "sentiment" : null,
    "text" : "data validation"
  }, {
    "emotion" : null,
    "relevance" : 0.533555,
    "sentiment" : null,
    "text" : "ï‚Ÿ"
  }, {
    "emotion" : null,
    "relevance" : 0.532718,
    "sentiment" : null,
    "text" : "sensitive information"
  }, {
    "emotion" : null,
    "relevance" : 0.532617,
    "sentiment" : null,
    "text" : "data sources"
  }, {
    "emotion" : null,
    "relevance" : 0.532001,
    "sentiment" : null,
    "text" : "effectiveness of security controls"
  }, {
    "emotion" : null,
    "relevance" : 0.527612,
    "sentiment" : null,
    "text" : "Input Validation"
  }, {
    "emotion" : null,
    "relevance" : 0.525722,
    "sentiment" : null,
    "text" : "implementation of the entire system"
  }, {
    "emotion" : null,
    "relevance" : 0.525341,
    "sentiment" : null,
    "text" : "ï‚Ÿ Session management controls"
  }, {
    "emotion" : null,
    "relevance" : 0.525337,
    "sentiment" : null,
    "text" : "ï‚Ÿ Protect master secrets"
  }, {
    "emotion" : null,
    "relevance" : 0.52463,
    "sentiment" : null,
    "text" : "OWASP Application Security Verification Standard"
  }, {
    "emotion" : null,
    "relevance" : 0.524199,
    "sentiment" : null,
    "text" : "Communication Security"
  }, {
    "emotion" : null,
    "relevance" : 0.523615,
    "sentiment" : null,
    "text" : "supporting infrastructure"
  }, {
    "emotion" : null,
    "relevance" : 0.523073,
    "sentiment" : null,
    "text" : "development teams"
  }, {
    "emotion" : null,
    "relevance" : 0.522999,
    "sentiment" : null,
    "text" : "changing of temporary passwords"
  }, {
    "emotion" : null,
    "relevance" : 0.522709,
    "sentiment" : null,
    "text" : "credential store"
  }, {
    "emotion" : null,
    "relevance" : 0.522679,
    "sentiment" : null,
    "text" : "lient side controls"
  }, {
    "emotion" : null,
    "relevance" : 0.522398,
    "sentiment" : null,
    "text" : "character sets"
  }, {
    "emotion" : null,
    "relevance" : 0.522326,
    "sentiment" : null,
    "text" : "Error Handling"
  }, {
    "emotion" : null,
    "relevance" : 0.522323,
    "sentiment" : null,
    "text" : "ï‚Ÿ Implement"
  }, {
    "emotion" : null,
    "relevance" : 0.522009,
    "sentiment" : null,
    "text" : "unauthorized access"
  }, {
    "emotion" : null,
    "relevance" : 0.521586,
    "sentiment" : null,
    "text" : "HTML entity encoding"
  }, {
    "emotion" : null,
    "relevance" : 0.520968,
    "sentiment" : null,
    "text" : "ï‚Ÿ Supplement"
  }, {
    "emotion" : null,
    "relevance" : 0.520967,
    "sentiment" : null,
    "text" : "frameworkâ€™s session management controls"
  } ],
  "sourceConnector" : "FileSystem Connector",
  "sourceEnrichment" : "Watson Natural Language Understanding",
  "sourceText" : "\nNovember 2010 \n\n  \n\nVersion 2.0   1 \n\n \n\n \n \n\n \n\n \n\n \n\n \n\n \n \n \n \n \n\nOWASP Secure Coding Practices \n\nQuick Reference Guide \n \n\n \n \n \n \n \n \n \n \n\n \n \n \n \n \n \n \n \n\nCopyright and License \n \nCopyright Â© 2010 The OWASP Foundation. \n\n \nThis document is released under the Creative Commons Attribution ShareAlike 3.0 license. For any reuse or \n\ndistribution, you must make clear to others the license terms of this work. \n\nhttp://creativecommons.org/licenses/by-sa/3.0/ \n\n \n\n \n\nhttp://creativecommons.org/licenses/by-sa/3.0/\n\n\nNovember 2010 \n\n  \n\nVersion 2.0   2 \n\n \n\nTable of Contents \n\nIntroduction .................................................................................................. 3 \nSoftware Security and Risk Principles Overview ............................................. 4 \nSecure Coding Practices Checklist .................................................................. 5 \n\nInput Validation: .......................................................................................... 5 \nOutput Encoding: ......................................................................................... 5 \nAuthentication and Password Management: ..................................................... 6 \nSession Management:.................................................................................... 7 \nAccess Control: ............................................................................................ 8 \n\nCryptographic Practices: ................................................................................ 9 \nError Handling and Logging: ......................................................................... 9 \nData Protection:...........................................................................................10 \nCommunication Security: .............................................................................10 \nSystem Configuration:..................................................................................11 \nDatabase Security: .......................................................................................11 \nFile Management: ........................................................................................12 \nMemory Management: .................................................................................12 \n\nGeneral Coding Practices:.............................................................................13 \nAppendix A: .................................................................................................14 \n\nExternal References: ....................................................................................14 \nAppendix B: Glossary ...................................................................................15 \n \n \n\n \n\n\n\nNovember 2010 \n\n  \n\nVersion 2.0   3 \n\nIntroduction \n \n\nThis technology agnostic document defines a set of general software security coding practices, in a checklist \nformat, that can be integrated into the software development lifecycle. Implementation of these practices will \n\nmitigate most common software vulnerabilities.  \n\n \n\nGenerally, it is much less expensive to build secure software than to correct security issues after the \nsoftware package has been completed, not to mention the costs that may be associated with a security \nbreach. \n\n \n\nSecuring critical software resources is more important than ever as the focus of attackers has steadily moved \n\ntoward the application layer. A 2009 SANS study1 found that attacks against web applications constitute \n\nmore than 60% of the total attack attempts observed on the Internet.  \n \n\nWhen utilizing this guide, development teams should start by assessing the maturity of their secure software \n\ndevelopment lifecycle and the knowledge level of their development staff. Since this guide does not cover \n\nthe details of how to implement each coding practice, developers will either need to have the prior \n\nknowledge or have sufficient resources available that provide the necessary guidance. This guide provides \n\ncoding practices that can be translated into coding requirements without the need for the developer to have an \nin depth understanding of security vulnerabilities and exploits. However, other members of the development \n\nteam should have the responsibility, adequate training, tools and resources to validate that the design and \n\nimplementation of the entire system is secure. \n\n \n\nA glossary of important terms in this document, including section headings and words shown in italics, is \nprovided in appendix B.  \n \n\nGuidance on implementing a secure software development framework is beyond the scope of this paper, \n\nhowever the following additional general practices and resources are recommended: \n\n \n\nï‚· Clearly define roles and responsibilities \n\nï‚· Provide development teams with adequate software security training  \n\nï‚· Implement a secure software development lifecycle \no OWASP CLASP Project \n\nï‚· Establish secure coding standards \no OWASP Development Guide Project \n\nï‚· Build a re-usable object library  \no OWASP Enterprise Security API (ESAPI) Project \n\nï‚· Verify the effectiveness of security controls  \no OWASP Application Security Verification Standard (ASVS) Project) \n\nï‚· Establish secure outsourced development practices including defining security requirements and \nverification methodologies in both the request for proposal (RFP) and contract.  \n\no OWASP Legal Project  \n\n \n\n \n \n\nhttp://www.owasp.org/index.php/Category:OWASP_CLASP_Project\nhttp://www.owasp.org/index.php/Category:OWASP_Guide_Project\nhttp://www.owasp.org/index.php/Category:OWASP_Enterprise_Security_API\nhttp://www.owasp.org/index.php/Category:OWASP_Application_Security_Verification_Standard_Project\nhttp://www.owasp.org/index.php/Category:OWASP_Legal_Project\n\n\nNovember 2010 \n\n  \n\nVersion 2.0   4 \n\nSoftware Security and Risk Principles Overview \n \nBuilding secure software requires a basic understanding of security principles. While a comprehensive \n\nreview of security principles is beyond the scope of this guide, a quick overview is provided.  \n\n \nThe goal of software security is to maintain the confidentiality, integrity, and availability of information \n\nresources in order to enable successful business operations. This goal is accomplished through the \n\nimplementation of security controls. This guide focuses on the technical controls specific to mitigating the \n\noccurrence of common software vulnerabilities. While the primary focus is web applications and their \n\nsupporting infrastructure, most of the guidance can be applied to any software deployment platform. \n \n\nIt is helpful to understand what is meant by risk, in order to protect the business from unacceptable risks \n\nassociated with its reliance on software. Risk is a combination of factors that threaten the success of the \n\nbusiness. This can be described conceptually as follows: a threat agent interacts with a system, which may \n\nhave a vulnerability that can be exploited in order to cause an impact. While this may seem like an abstract \n\nconcept, think of it this way: a car burglar (threat agent) goes through a parking lot checking cars (the \nsystem) for unlocked doors (the vulnerability) and when they find one, they open the door (the exploit) and \n\ntake whatever is inside (the impact). All of these factors play a role in secure software development. \n\n \n\nThere is a fundamental difference between the approach taken by a development team and that taken by \n\nsomeone attacking an application. A development team typically approaches an application based on what it \nis intended to do. In other words, they are designing an application to perform specific tasks based on \n\ndocumented functional requirements and use cases. An attacker, on the other hand, is more interested in what \n\nan application can be made to do and operates on the principle that \"any action not specifically denied, is \n\nallowed\". To address this, some additional elements need to be integrated into the early stages of the \n\nsoftware lifecycle. These new elements are security requirements and abuse cases. This guide is designed to \nhelp with identifying high level security requirements and addressing many common abuse scenarios.  \n\n \n\nIt is important for web development teams to understand that c lient side controls like client based input \n\nvalidation, hidden fields and interface controls (e.g., pull downs and radio buttons), provide little if any \n\nsecurity benefit. An attacker can use tools like client side web proxies (e.g. OWASP WebScarab, Burp) or \n\nnetwork packet capture tools (e.g., WireShark) to analyze application traffic and submit custom built \nrequests, bypassing the interface all together. Additionally, Flash, Java Applets and other client side objects \n\ncan be decompiled and analyzed for flaws. \n\n \n\nSoftware security flaws can be introduced at any stage of the software development lifecycle, including:  \n\nï‚· Not identifying security requirements up front \nï‚· Creating conceptual designs that have logic errors \n\nï‚· Using poor coding practices that introduce technical vulnerabilities \nï‚· Deploying the software improperly  \n\nï‚· Introducing flaws during maintenance or updating  \n \n\nFurthermore, it is important to understand that software vulnerabilities can have a scope beyond the software \n\nitself.  Depending on the nature of the software, the vulnerability and the supporting infrastructure, the \nimpacts of a successful exploitation can include compromises to any or all of the following:  \n\nï‚· The software and its associated information \n\nï‚· The operating systems of the associated servers \nï‚· The backend database \n\nï‚· Other applications in a shared environment \n\nï‚· The user's system \n\nï‚· Other software that the user interacts with \n\n\n\nNovember 2010 \n\n  \n\nVersion 2.0   5 \n\nSecure Coding Practices Checklist \n \n\n \nInput Validation: \n\nï‚Ÿ Conduct all data validation on a trusted system (e.g., The server)   \n\nï‚Ÿ Identify all data sources and classify them into trusted and untrusted. Validate all data from untrusted \nsources (e.g., Databases, file streams, etc.)  \n\nï‚Ÿ There should be a centralized input validation routine for the application  \n\nï‚Ÿ Specify proper character sets, such as UTF-8, for all sources of input \n\nï‚Ÿ Encode data to a common character set before validating (Canonicalize) \n\nï‚Ÿ All validation failures should result in input rejection \n\nï‚Ÿ Determine if the system supports UTF-8 extended character sets and if so, validate after UTF-8 \ndecoding is completed \n\nï‚Ÿ Validate all client provided data before processing, including all parameters, URLs and HTTP header \ncontent (e.g. Cookie names and values). Be sure to include automated post backs from JavaScript, \n\nFlash or other embedded code \n\nï‚Ÿ Verify that header values in both requests and responses contain only ASCII characters \n\nï‚Ÿ Validate data from redirects (An attacker may submit malicious content directly to the target of the \nredirect, thus circumventing application logic and any validation performed before the redirect)   \n\nï‚Ÿ Validate for expected data types  \n\nï‚Ÿ Validate data range \n\nï‚Ÿ Validate data length \n\nï‚Ÿ Validate all input against a \"white\" list of allowed characters, whenever possible  \n\nï‚Ÿ If any potentially hazardous characters must be allowed as input, be sure that you implement \nadditional controls like output encoding, secure task specific APIs and accounting for the utilization \n\nof that data throughout the application . Examples of common hazardous characters include:  \n\n< > \" ' % ( ) & + \\ \\' \\\"  \n\nï‚Ÿ If your standard validation routine cannot address the following inputs, then they should be checked \ndiscretely \n\no Check for null bytes (%00) \n\no Check for new line characters (%0d, %0a, \\r, \\n) \n\no Check for â€œdot-dot-slash\" (../ or ..\\) path alterations characters. In cases where UTF-8 extended \ncharacter set encoding is supported, address alternate representation like: %c0%ae%c0%ae/  \n\n(Utilize canonicalization to address double encoding or other forms of obfuscation attacks) \n\n \n\n \n\nOutput Encoding: \n\nï‚Ÿ Conduct all encoding on a trusted system (e.g., The server) \n\nï‚Ÿ Utilize a standard, tested routine for each type of outbound encoding \n\nï‚Ÿ Contextually output encode all data returned to the client that originated outside the application's trust \nboundary. HTML entity encoding is one example, but does not work in all cases \n\nï‚Ÿ Encode all characters unless they are known to be safe for the intended interpreter \n\nï‚Ÿ Contextually sanitize all output of un-trusted data to queries for SQL, XML, and LDAP \n\nï‚Ÿ Sanitize all output of un-trusted data to operating system commands \n \n\n \n\n\n\nNovember 2010 \n\n  \n\nVersion 2.0   6 \n\nAuthentication and Password Management: \n\nï‚Ÿ Require authentication for all pages and resources, except those specifically intended to be public \n\nï‚Ÿ All authentication controls must be enforced on a trusted system (e.g., The server)   \n\nï‚Ÿ Establish and utilize standard, tested, authentication services whenever possible \n\nï‚Ÿ Use a centralized implementation for all authentication controls, including libraries that call external \nauthentication services  \n\nï‚Ÿ Segregate authentication logic from the resource being requested and use redirection to and from the \ncentralized authentication control \n\nï‚Ÿ All authentication controls should fail securely \n\nï‚Ÿ All administrative and account management functions must be at least as secure as the primary \nauthentication mechanism \n\nï‚Ÿ If your application manages a credential store, it should ensure that only cryptographically strong one-\nway salted hashes of passwords are stored and that the table/file that stores the passwords and keys is \n\nwrite-able only by the application. (Do not use the MD5 algorithm if it can be avoided) \n\nï‚Ÿ Password hashing must be implemented on a trusted system (e.g., The server).  \n\nï‚Ÿ Validate the authentication data only on completion of all data input, especially for sequential \nauthentication implementations \n\nï‚Ÿ Authentication failure responses should not indicate which part of the authentication data was \nincorrect. For example, instead of \"Invalid username\" or \"Invalid password\", just use \"Invalid \n\nusername and/or password\" for both. Error responses must be truly identical in both display and \n\nsource code \n\nï‚Ÿ Utilize authentication for connections to external systems that involve sensitive information or \nfunctions \n\nï‚Ÿ Authentication credentials for accessing services external to the application should be encrypted and \nstored in a protected location on a trusted system (e.g., The server). The source code is NOT a secure \n\nlocation \n\nï‚Ÿ Use only HTTP POST requests to transmit authentication credentials  \n\nï‚Ÿ Only send non-temporary passwords over an encrypted connection or as encrypted data, such as in an \nencrypted email. Temporary passwords associated with email resets may be an exception \n\nï‚Ÿ Enforce password complexity requirements established by policy or regulation. Authentication \ncredentials should be sufficient to withstand attacks that are typical of the threats in the deployed \nenvironment. (e.g., requiring the use of alphabetic as well as numeric and/or special characters)  \n\nï‚Ÿ Enforce password length requirements established by policy or regulation. Eight characters is \ncommonly used, but 16 is better or consider the use of multi-word pass phrases \n\nï‚Ÿ Password entry should be obscured on the user's screen. (e.g., on web forms use the input type \n\"password\")  \n\nï‚Ÿ Enforce account disabling after an established number of invalid login attempts (e.g., five attempts is \ncommon).  The account must be disabled for a period of time sufficient to discourage brute force \nguessing of credentials, but not so long as to allow for a denial-of-service attack to be performed  \n\nï‚Ÿ Password reset and changing operations require the same level of controls as account creation and \nauthentication.  \n\nï‚Ÿ Password reset questions should support sufficiently random answers. (e.g., \"favorite book\" is a bad \nquestion because â€œThe Bibleâ€� is a very common answer) \n\nï‚Ÿ If using email based resets, only send email to a pre-registered address with a temporary \nlink/password \n\nï‚Ÿ Temporary passwords and links should have a short expiration time \n\nï‚Ÿ Enforce the changing of temporary passwords on the next use \n\n\n\nNovember 2010 \n\n  \n\nVersion 2.0   7 \n\nï‚Ÿ Notify users when a password reset occurs \n\nï‚Ÿ Prevent password re-use \n\nï‚Ÿ Passwords should be at least one day old before they can be changed, to prevent attacks on password \nre-use \n\nï‚Ÿ Enforce password changes based on requirements established in policy or regulation. Critical systems \nmay require more frequent changes. The time between resets must be administratively controlled  \n\nï‚Ÿ Disable \"remember me\" functionality for password fields \n\nï‚Ÿ The last use (successful or unsuccessful) of a user account should be reported to the user at their next \nsuccessful login \n\nï‚Ÿ Implement monitoring to identify attacks against multiple user accounts, utilizing the same password. \nThis attack pattern is used to bypass standard lockouts, when user IDs can be harvested or guessed \n\nï‚Ÿ Change all vendor-supplied default passwords and user IDs or disable the associated accounts \n\nï‚Ÿ Re-authenticate users prior to performing critical operations \n\nï‚Ÿ Use Multi-Factor Authentication for highly sensitive or high value transactional accounts \n\nï‚Ÿ If using third party code for authentication, inspect the code carefully to ensure it is not affected by \nany malicious code  \n\n \n\n \nSession Management: \n\nï‚Ÿ Use the server or frameworkâ€™s session management controls. The application should only recognize \nthese session identifiers as valid \n\nï‚Ÿ Session identifier creation must always be done on a trusted system (e.g., The server) \n\nï‚Ÿ Session management controls should use well vetted algorithms that ensure sufficiently random \nsession identifiers \n\nï‚Ÿ Set the domain and path for cookies containing authenticated session identifiers to an appropriately \nrestricted value for the site \n\nï‚Ÿ Logout functionality should fully terminate the associated session or connection \n\nï‚Ÿ Logout functionality should be available from all pages protected by authorization  \n\nï‚Ÿ Establish a session inactivity timeout that is as short as possible, based on balancing risk and business \nfunctional requirements. In most cases it should be no more than several hours \n\nï‚Ÿ Disallow persistent logins and enforce periodic session terminations, even when the session is active. \nEspecially for applications supporting rich network connections or connecting to critical systems. \n\nTermination times should support business requirements and the user should receive sufficient \n\nnotification to mitigate negative impacts \n\nï‚Ÿ If a session was established before login, close that session and establish a new session after a \nsuccessful login \n\nï‚Ÿ Generate a new session identifier on any re-authentication \n\nï‚Ÿ Do not allow concurrent logins with the same user ID \n\nï‚Ÿ Do not expose session identifiers in URLs, error messages or logs. Session identifiers should only be \nlocated in the HTTP cookie header. For example, do not pass session identifiers as GET parameters \n\nï‚Ÿ Protect server side session data from unauthorized access, by other users of the server, by \nimplementing appropriate access controls on the server \n\nï‚Ÿ Generate a new session identifier and deactivate the old one periodically. (This can mitigate certain \nsession hijacking scenarios where the original identif ier was compromised) \n\nï‚Ÿ Generate a new session identifier if the connection security changes from HTTP to HTTPS, as can \noccur during authentication. Within an application, it is recommended to consistently utilize HTTPS \n\nrather than switching between HTTP to HTTPS. \n\n\n\nNovember 2010 \n\n  \n\nVersion 2.0   8 \n\nï‚Ÿ Supplement standard session management for sensitive server-side operations, like account \nmanagement, by utilizing per-session strong random tokens or parameters. This method can be used \nto prevent Cross Site Request Forgery attacks \n\nï‚Ÿ Supplement standard session management for highly sensitive or critical operations by utilizing per-\nrequest, as opposed to per-session, strong random tokens or parameters \n\nï‚Ÿ Set the \"secure\" attribute for cookies transmitted over an TLS connection \n\nï‚Ÿ Set cookies with the HttpOnly attribute, unless you specifically require client-side scripts within your \napplication to read or set a cookie's value \n\n \n \n\nAccess Control: \n\nï‚Ÿ Use only trusted system objects, e.g. server side session objects, for making access authorization \ndecisions  \n\nï‚Ÿ Use a single site-wide component to check access authorization. This includes libraries that call \nexternal authorization services \n\nï‚Ÿ Access controls should fail securely  \n\nï‚Ÿ Deny all access if the application cannot access its security configuration information \n\nï‚Ÿ Enforce authorization controls on every request, including those made by server side scripts, \n\"includes\" and requests from rich client-side technologies like AJAX and Flash \n\nï‚Ÿ Segregate privileged logic from other application code \n\nï‚Ÿ Restrict access to files or other resources, including those outside the application's direct control, to \nonly authorized users  \n\nï‚Ÿ Restrict access to protected URLs to only authorized users  \n\nï‚Ÿ Restrict access to protected functions to only authorized users  \n\nï‚Ÿ Restrict direct object references to only authorized users  \n\nï‚Ÿ Restrict access  to services to only authorized users \n\nï‚Ÿ Restrict access  to application data to only authorized users \n\nï‚Ÿ Restrict access to user and data attributes and policy information used by access controls  \n\nï‚Ÿ Restrict access security-relevant configuration information to only authorized users \n\nï‚Ÿ Server side implementation and presentation layer representations of access control rules must match \n\nï‚Ÿ If state data must be stored on the client, use encryption and integrity checking on the server side to \ncatch state tampering.  \n\nï‚Ÿ Enforce application logic flows to comply with business rules \n\nï‚Ÿ Limit the number of transactions a single user or device can perform in a given period of time. The \ntransactions/time should be above the actual business requirement, but low enough to deter automated \nattacks \n\nï‚Ÿ Use the \"referer\" header as a supplemental check only, it should never be the sole authorization check, \nas it is can be spoofed \n\nï‚Ÿ If long authenticated sessions are allowed, periodically re-validate a userâ€™s authorization to ensure that \ntheir privileges have not changed and if they have, log the user out and force them to re-authenticate \n\nï‚Ÿ Implement account auditing and enforce the disabling of unused accounts (e.g., After no more than 30 \ndays from the expiration of an accountâ€™s password.) \n\nï‚Ÿ The application must support disabling of accounts and terminating sessions when authorization \nceases (e.g., Changes to role, employment status, business process, etc.) \n\nï‚Ÿ Service accounts or accounts supporting connections to or from external systems should have the least \nprivilege possible \n\n\n\nNovember 2010 \n\n  \n\nVersion 2.0   9 \n\nï‚Ÿ Create an Access Control Policy to document an application's business rules, data types and access \nauthorization criteria and/or processes so that access can be properly provisioned and controlled. This \nincludes identifying access requirements for both the data and system resources \n\n \n\n \n\nCryptographic Practices: \n\nï‚Ÿ All cryptographic functions used to protect secrets from the application user must be implemented on \na trusted system (e.g., The server) \n\nï‚Ÿ Protect master secrets from unauthorized access \n\nï‚Ÿ Cryptographic modules should fail securely \n\nï‚Ÿ All random numbers, random file names, random GUIDs, and random strings should be generated \nusing the cryptographic moduleâ€™s approved random number generator when these random values  are \n\nintended to be un-guessable \n\nï‚Ÿ Cryptographic modules used by the application should be compliant to FIPS 140-2 or an equivalent \nstandard. (See http://csrc.nist.gov/groups/STM/cmvp/validation.html) \n\nï‚Ÿ Establish and utilize a policy and process for how cryptographic keys will be managed \n \n\n \n\nError Handling and Logging: \n\nï‚Ÿ Do not disclose sensitive information in error responses, including system details, session identifiers \nor account information \n\nï‚Ÿ Use error handlers that do not display debugging or stack trace information \n\nï‚Ÿ Implement generic error messages and use custom error pages  \n\nï‚Ÿ The application should handle application errors and not rely on the server configuration \n\nï‚Ÿ Properly free allocated memory when error conditions occur \n\nï‚Ÿ Error handling logic associated with security controls should deny access by default \n\nï‚Ÿ All logging controls should be implemented on a trusted system (e.g., The server) \n\nï‚Ÿ Logging controls should support both success and failure of specified security events  \n\nï‚Ÿ Ensure logs contain important log event data \n\nï‚Ÿ Ensure log entries that include un-trusted data will not execute as code in the intended log viewing \ninterface or software \n\nï‚Ÿ Restrict access to logs to only authorized individuals  \n\nï‚Ÿ Utilize a master routine for all logging operations \n\nï‚Ÿ Do not store sensitive information in logs, including unnecessary system details, session identifiers or \npasswords \n\nï‚Ÿ Ensure that a mechanism exists to conduct log analysis \n\nï‚Ÿ Log all input validation failures \n\nï‚Ÿ Log all authentication attempts, especially failures \n\nï‚Ÿ Log all access control failures \n\nï‚Ÿ Log all apparent tampering events, including unexpected changes to state data \n\nï‚Ÿ Log attempts to connect with invalid or expired session tokens \n\nï‚Ÿ Log all system exceptions \n\nï‚Ÿ Log all administrative functions, including changes to the security configuration settings  \n\nï‚Ÿ Log all backend TLS connection failures \n\nï‚Ÿ Log cryptographic module failures \n\nï‚Ÿ Use a cryptographic hash function to validate log entry integrity  \n\nhttp://csrc.nist.gov/groups/STM/cmvp/validation.html\n\n\nNovember 2010 \n\n  \n\nVersion 2.0   10 \n\nData Protection: \n\nï‚Ÿ Implement least privilege, restrict users to only the functionality, data and system information that is \nrequired to perform their tasks \n\nï‚Ÿ Protect all cached or temporary copies of sensitive data stored on the server from unauthorized access \nand purge those temporary working files a soon as they are no longer required. \n\nï‚Ÿ Encrypt highly sensitive stored information, like authentication verification data, even on the server \nside. Always use well vetted algorithms, see \"Cryptographic Practices\" for additional guidance \n\nï‚Ÿ Protect server-side source-code from being downloaded by a user \n\nï‚Ÿ Do not store passwords, connection strings or other sensitive information in clear text or in any non-\ncryptographically secure manner on the client side. This includes embedding in insecure formats like: \nMS viewstate, Adobe flash or compiled code \n\nï‚Ÿ Remove comments in user accessible production code that may reveal backend system or other \nsensitive information \n\nï‚Ÿ Remove unnecessary application and system documentation as this can reveal useful information to \nattackers \n\nï‚Ÿ Do not include sensitive information in HTTP GET request parameters \n\nï‚Ÿ Disable auto complete features on forms expected to contain sensitive information, including \nauthentication   \n\nï‚Ÿ Disable client side caching on pages containing sensitive information. Cache-Control: no-store, may \nbe used in conjunction with the HTTP header control \"Pragma: no-cache\", which is less effective, but \n\nis HTTP/1.0 backward compatible \n\nï‚Ÿ The application should support the removal of sensitive data when that data is no longer required. \n(e.g. personal information or certain financial data) \n\nï‚Ÿ Implement appropriate access controls for sensitive data stored on the server. This includes cached \ndata, temporary files and data that should be accessible only by specific system users \n\n \n\n \n\nCommunication Security: \n\nï‚Ÿ Implement encryption for the transmission of all sensitive information. This should include TLS for \nprotecting the connection and may be supplemented by discrete encryption of sensitive files or non-\n\nHTTP based connections \n\nï‚Ÿ TLS certificates should be valid and have the correct domain name, not be expired, and be installed \nwith intermediate certificates when required \n\nï‚Ÿ Failed TLS connections should not fall back to an insecure connection \n\nï‚Ÿ Utilize TLS connections for all content requiring authenticated access and for all other sensitive \ninformation \n\nï‚Ÿ Utilize TLS for connections to external systems that involve sensitive information or functions \n\nï‚Ÿ Utilize a single standard TLS implementation that is configured appropriately \n\nï‚Ÿ Specify character encodings for all connections \n\nï‚Ÿ Filter parameters containing sensitive information from the HTTP referer, when linking to external \nsites \n\n \n\n \n\n\n\nNovember 2010 \n\n  \n\nVersion 2.0   11 \n\nSystem Configuration: \n\nï‚Ÿ Ensure servers, frameworks and system components are running the latest approved version  \n\nï‚Ÿ Ensure servers, frameworks and system components have all patches issued for the version in use \n\nï‚Ÿ Turn off directory listings \n\nï‚Ÿ Restrict the web server, process and service accounts to the least privileges possible  \n\nï‚Ÿ When exceptions occur, fail securely \n\nï‚Ÿ Remove all unnecessary functionality and files \n\nï‚Ÿ Remove test code or any functionality not intended for production, prior to deployment \n\nï‚Ÿ Prevent disclosure of your directory structure in the robots.txt file by placing directories not intended \nfor public indexing into an isolated parent directory. Then \"Disallow\" that entire parent directory in \n\nthe robots.txt file rather than Disallowing each individual directory \n\nï‚Ÿ Define which HTTP methods, Get or Post, the application will support and whether it will be handled \ndifferently in different pages in the application  \n\nï‚Ÿ Disable unnecessary HTTP methods, such as WebDAV extensions. If an extended HTTP method that \nsupports file handling is required, utilize a well-vetted authentication mechanism \n\nï‚Ÿ If the web server handles both HTTP 1.0 and 1.1, ensure that both are configured in a similar manor \nor insure that you understand any difference that may exist (e.g. handling of extended HTTP methods)  \n\nï‚Ÿ Remove unnecessary information from HTTP response headers related to the OS, web-server version \nand application frameworks  \n\nï‚Ÿ The security configuration store for the application should be able to be output in human readable \nform to support auditing \n\nï‚Ÿ Implement an asset management system and register system components and software in it \n\nï‚Ÿ Isolate development environments from the production network and provide access only to authorized \ndevelopment and test groups. Development environments are often configured less securely than \n\nproduction environments and attackers may use this difference to discover shared weaknesses or as an \n\navenue for exploitation  \n\nï‚Ÿ Implement a software change control system to manage and record changes to the code both \nin development and production \n\n \n\n \n\nDatabase Security: \n\nï‚Ÿ Use strongly typed parameterized queries  \n\nï‚Ÿ Utilize input validation and output encoding and be sure to address meta characters. If these fail, do \nnot run the database command \n\nï‚Ÿ Ensure that variables are strongly typed \n\nï‚Ÿ The application should use the lowest possible level of privilege when accessing the database \n\nï‚Ÿ Use secure credentials for database access \n\nï‚Ÿ Connection strings should not be hard coded within the application. Connection strings should be \nstored in a separate configuration file on a trusted system and they should be encrypted. \n\nï‚Ÿ Use stored procedures to abstract data access and allow for the removal of permissions to the base \ntables in the database \n\nï‚Ÿ Close the connection as soon as possible \n\nï‚Ÿ Remove or change all default database administrative passwords. Utilize strong passwords/phrases or \nimplement multi-factor authentication \n\nï‚Ÿ Turn off all unnecessary database functionality (e.g., unnecessary stored procedures or services, utility \npackages, install only the minimum set of features and options required (surface area reduction)) \n\n\n\nNovember 2010 \n\n  \n\nVersion 2.0   12 \n\nï‚Ÿ Remove unnecessary default vendor content (e.g., sample schemas) \n\nï‚Ÿ Disable any default accounts that are not required to support business requirements \n\nï‚Ÿ The application should connect to the database with different credentials for every trust distinction \n(e.g., user, read-only user, guest, administrators) \n\n \n\n \n\nFile Management: \n\nï‚Ÿ Do not pass user supplied data directly to any dynamic include function \n\nï‚Ÿ Require authentication before allowing a file to be uploaded \n\nï‚Ÿ Limit the type of files that can be uploaded to only those types that are needed for business purposes \n\nï‚Ÿ Validate uploaded files are the expected type by checking file headers. Checking for file type by \nextension alone is not sufficient \n\nï‚Ÿ Do not save files in the same web context as the application. Files should either go to the content \nserver or in the database.  \n\nï‚Ÿ Prevent or restrict the uploading of any file that may be interpreted by the web server.  \n\nï‚Ÿ Turn off execution privileges on file upload directories \n\nï‚Ÿ Implement safe uploading in UNIX by mounting the targeted file directory as a logical drive using the \nassociated path or the chrooted environment \n\nï‚Ÿ When referencing existing files, use a white list of allowed file names and types. Validate the value of \nthe parameter being passed and if it does not match one of the expected values, either reject it or use a \nhard coded default file value for the content instead \n\nï‚Ÿ Do not pass user supplied data into a dynamic redirect. If this must be allowed, then the redirect \nshould accept only validated, relative path URLs  \n\nï‚Ÿ Do not pass directory or file paths, use index values mapped to pre-defined list of paths \n\nï‚Ÿ Never send the absolute file path to the client \n\nï‚Ÿ Ensure application files and resources are read-only \n\nï‚Ÿ Scan user uploaded files for viruses and malware \n \n \n\nMemory Management: \n\nï‚Ÿ Utilize input and output control for un-trusted data \n\nï‚Ÿ Double check that the buffer is as large as specified  \n\nï‚Ÿ When using functions that accept a number of bytes to copy, such as strncpy(), be aware that if the \ndestination buffer size is equal to the source buffer size, it may not NULL-terminate the string \n\nï‚Ÿ Check buffer boundaries if calling the function in a loop and make sure there is no danger of writing \npast the allocated space \n\nï‚Ÿ Truncate all input strings to a reasonable length before passing them to the copy and concatenation \nfunctions \n\nï‚Ÿ Specifically close resources, donâ€™t rely on garbage collection. (e.g., connection objects, file handles, \netc.) \n\nï‚Ÿ Use non-executable stacks when available \n\nï‚Ÿ Avoid the use of known vulnerable functions (e.g., printf, strcat, strcpy etc.)  \n\nï‚Ÿ Properly free allocated memory upon the completion of functions and at all exit points \n \n\n \n\n\n\nNovember 2010 \n\n  \n\nVersion 2.0   13 \n\nGeneral Coding Practices: \n\nï‚Ÿ Use tested and approved managed code rather than creating new unmanaged code for common tasks \n\nï‚Ÿ Utilize task specific built-in APIs to conduct operating system tasks. Do not allow the application to \nissue commands directly to the Operating System, especially through the use of application initiated \n\ncommand shells \n\nï‚Ÿ Use checksums or hashes to verify the integrity of interpreted code, libraries, executables, and \nconfiguration files  \n\nï‚Ÿ Utilize locking to prevent multiple simultaneous requests or use a synchronization mechanism to \nprevent race conditions \n\nï‚Ÿ Protect shared variables and resources from inappropriate concurrent access \n\nï‚Ÿ Explicitly initialize all your variables and other data stores, either during declaration or just before the \nfirst usage \n\nï‚Ÿ In cases where the application must run with elevated privileges, raise privileges as late as possible, \nand drop them as soon as possible \n\nï‚Ÿ Avoid calculation errors by understanding your programming language's underlying representation \nand how it interacts with numeric calculation. Pay close attention to byte size discrepancies, precision, \n\nsigned/unsigned distinctions, truncation, conversion and casting between types, \"not-a-number\" \ncalculations, and how your language handles numbers that are too large or too small for its underlying \n\nrepresentation \n\nï‚Ÿ Do not pass user supplied data to any dynamic execution function \n\nï‚Ÿ Restrict users from generating new code or altering existing code \n\nï‚Ÿ Review all secondary applications, third party code and libraries to determine business necessity and \nvalidate safe functionality, as these can introduce new vulnerabilities \n\nï‚Ÿ Implement safe updating. If the application will utilize automatic updates, then use cryptographic \nsignatures for your code and ensure your download clients verify those signatures. Use encrypted \nchannels to transfer the code from the host server \n\n \n\n \n\n\n\nNovember 2010 \n\n  \n\nVersion 2.0   14 \n\nAppendix A:   \n \n\n \nExternal References: \n\n1. Cited Reference \nSans and TippingPoint \"The Top Cyber Security Risks\" \n\nhttp://www.sans.org/top-cyber-security-risks/ \n\n \n\nï‚· Web Application Security Consortium \nhttp://www.webappsec.org/ \n\n \n\nï‚· Common Weakness Enumeration (CWE) \nhttp://cwe.mitre.org/ \n\n \n\nï‚· Department of Homeland Security \nBuild Security In Portal \n\nhttps://buildsecurityin.us-cert.gov/daisy/bsi/home.html \n\n \n\nï‚· CERT Secure Coding \nhttp://www.cert.org/secure-coding/ \n\n \n\nï‚· MSDN Security Developer Center \nhttp://msdn.microsoft.com/en-us/security/default.aspx \n\n \n\nï‚· SQL Injection Cheat Sheet \nhttp://ferruh.mavituna.com/sql-injection-cheatsheet-oku/ \n\n \n\nï‚· Cross Site Scripting (XSS) Cheat Sheet \nhttp://ha.ckers.org/xss.html \n \n\n \n\n \n\nSecurity Advisory Sites: \nUseful resources to check for known vulnerabilities against supporting infrastructure and \n\nframeworks  \n \n\nSecunia Citrix Vulnerability List: \n\nï‚· http://secunia.com/advisories/search/?search=citrix \n \n\nSecurity Focus Vulnerability Search:  \n\nï‚· http://www.securityfocus.com/vulnerabilities \n \n\nOpen Source Vulnerability Database (OSVDB):  \n\nï‚· http://osvdb.org/search/web_vuln_search \n \nCommon Vulnerability Enumeration: \n\nï‚· http://www.cve.mitre.org/ \n\nhttp://www.sans.org/top-cyber-security-risks/\nhttp://www.webappsec.org/\nhttp://cwe.mitre.org/\nhttps://buildsecurityin.us-cert.gov/daisy/bsi/home.html\nhttp://www.cert.org/secure-coding/\nhttp://msdn.microsoft.com/en-us/security/default.aspx\nhttp://ferruh.mavituna.com/sql-injection-cheatsheet-oku/\nhttp://ha.ckers.org/xss.html\nhttp://secunia.com/advisories/search/?search=citrix\nhttp://www.securityfocus.com/vulnerabilities\nhttp://osvdb.org/search/web_vuln_search\nhttp://www.cve.mitre.org/\n\n\nNovember 2010 \n\n  \n\nVersion 2.0   15 \n\nAppendix B: Glossary \n \n \n\nAbuse Case: Describes the intentional and unintentional misuses of the software. Abuse cases should \n\nchallenge the assumptions of the system design. \n\n \nAccess Control: A set of controls that grant or deny a user, or other entity, access to a system resource. This \n\nis usually based on hierarchical roles and individual privileges within a role, but also includes system to \n\nsystem interactions. \n\n  \n\nAuthentication: A set of controls that are used to verify the identity of a user, or other entity, interacting \nwith the software.  \n\n \n\nAvailability: A measure of a system's accessibility and usability.  \n\n \n\nCanonicalize: To reduce various encodings and representations of data to a single simple form. \n \n\nCommunication Security: A set of controls that help ensure the software handles the sending and receiving \n\nof information in a secure manner. \n\n \n\nConfidentiality: To ensure that information is disclosed only to authorized parties. \n\n \nContextual Output Encoding: Encoding output data based on how it will be utilized by the application. The \n\nspecific methods vary depending on the way the output data is used. If the data is to be included in the \n\nresponse to the client, account for inclusion scenarios like: the body of an HTML document, an HTML \n\nattribute, within JavaScript, within a CSS or in a URL. You must also account for other use cases like SQL \n\nqueries, XML and LDAP. \n \n\nCross Site Request Forgery: An external website or application forces a client to make an unintended \n\nrequest to another application that the client has an active session with. Applications are vulnerable when \n\nthey use known, or predictable, URLs and parameters; and when the browser automatically transmits all \n\nrequired session information with each request to the vulnerable application. (This is one of the only attacks \nspecifically discussed in this document and is only included because the associated vulnerability is very \n\ncommon and poorly understood.) \n\n \n\nCryptographic Practices: A set of controls that ensure cryptographic operations within the application are \n\nhandled securely. \n\n \nData Protection: A set of controls that help ensure the software handles the storing of information in a \n\nsecure manner. \n\n \n\nDatabase Security: A set of controls that ensure that software interacts with a database in a secure manner \n\nand that the database is configured securely. \n \n\nError Handling and Logging: A set of practices that ensure the application handles errors safely and \n\nconducts proper event logging. \n\n \n\nExploit: To take advantage of a vulnerability. Typically this is an intentional action designed to compromise \nthe software's security controls by leveraging a vulnerability. \n\n \n\nFile Management: A set of controls that cover the interaction between the code and other system files.  \n\n \n\n\n\nNovember 2010 \n\n  \n\nVersion 2.0   16 \n\nGeneral Coding Practices: A set of controls that cover coding practices that do not fit easily into other \n\ncategories.  \n \n\nHazardous Character: Any character or encoded representation of a character that can effect the intended \n\noperation of the application or associated system by being interpreted to have a special meaning, outside the \n\nintended use of the character. These characters may be used to: \n\nâ€¢ Altering the structure of existing code or statements \nâ€¢ Inserting new unintended code \n\nâ€¢ Altering paths \n\nâ€¢ Causing unexpected outcomes from program functions or routines   \n\nâ€¢ Causing error conditions \n\nâ€¢ Having any of the above effects on down stream applications or systems \n \n\nHTML Entity Encode: The process of replacing certain ASCII characters with their HTML entity \n\nequivalents. For example, encoding would replace the less than character \"<\" with the HTML equivalent \n\n\"&lt;\".  HTML entities are 'inert' in most interpreters, especially browsers, which can mitigate certain client \n\nside attacks.  \n\n \nImpact: A measure of the negative effect to the business that results from the occurrence of an undesired \n\nevent; what would be the result of a vulnerability being exploited. \n\n \n\nInput Validation: A set of controls that verify the properties of all input data matches what is expected by \n\nthe application including types, lengths, ranges, acceptable character sets and does not include known \nhazardous characters. \n\n \n\nIntegrity: The assurance that information is accurate, complete and valid, and has not been altered by an \n\nunauthorized action. \n\n \nLog Event Data: This should include the following: \n\n1. Time stamp from a trusted system component \n\n2. Severity rating for each event \n\n3. Tagging of security relevant events, if they are mixed with other log entries \n\n4. Identity of the account/user that caused the event \n\n5. Source IP address associated with the request \n6. Event outcome (success or failure) \n\n7. Description of the event \n\n \n\nMemory Management: A set of controls that address memory and buffer usage. \n\n \nMitigate: Steps taken to reduce the severity of a vulnerability.  These can include removing a vulnerability, \n\nmaking a vulnerability more difficult to exploit, or reducing the negative impact of a successful exploitation.  \n\n \n\nMulti-Factor Authentication: An authentication process that requires the user to produce multiple distinct \n\ntypes of credentials. Typically this is based on something they have (e.g., smartcard), something they know \n(e.g., a pin), or something they are (e.g., data from a biometric reader).  \n\n \n\nOutput Encoding: A set of controls addressing the use of encoding to ensure data output by the application \n\nis safe.  \n\n \nParameterized Queries (prepared statements): Keeps the query and data separate through the use of \n\nplaceholders. The query structure is defined with place holders, the SQL statement is sent to the database and \n\nprepared, and then the prepared statement is combined with the parameter values. The prevents the query \n\n\n\nNovember 2010 \n\n  \n\nVersion 2.0   17 \n\nfrom being altered, because the parameter values are combined with the compiled statement, not a SQL \n\nstring. \n \n\nSanitize Data:  The process of making potentially harmful data safe through the use of data removal, \n\nreplacement, encoding or escaping of the characters.  \n\n \n\nSecurity Controls: An action that mitigates a potential vulnerability and helps ensure that the software \nbehaves only in the expected manner. \n\n \n\nSecurity Requirements: A set of design and functional requirements that help ensure the software is built \n\nand deployed in a secure manner. \n\n \nSequential Authentication: When authentication data is requested on successive pages rather than being \n\nrequested all at once on a single page. \n\n \n\nSession Management: A set of controls that help ensure web applications handle HTTP sessions in a secure \n\nmanner. \n\n \nState Data: When data or parameters are used, by the application or server, to emulate a persistent \n\nconnection or track a client's status across a multi-request process or transaction. \n\n  \n\nSystem: A generic term covering the operating systems, web server, application frameworks and related \n\ninfrastructure. \n \n\nSystem Configuration: A set of controls that help ensure the infrastructure components supporting the \n\nsoftware are deployed securely. \n\n  \n\nThreat Agent: Any entity which may have a negative impact on the system. This may be a malicious user \nwho wants to compromise the system's security controls; however, it could also be an accidental misuse of \n\nthe system or a more physical threat like fire or flood. \n\n \n\nTrust Boundaries: Typically a trust boundary constitutes the components of the system under your direct \n\ncontrol. All connections and data from systems outside of your direct control, including all clients and \n\nsystems managed by other parties, should be consider untrusted and be validated at the boundary, before \nallowing further system interaction.  \n\n \n\nVulnerability: A weakness that makes the system susceptible to attack or damage.  \n\n \n\n \n \n\n  \n\n \n\n \n\n\n"
}