{
  "batchId" : "0c585a0e-4c48-441b-a1f2-c66aa0128ea1",
  "batchTimestamp" : "2018-12-04T01:40:28Z",
  "categories" : [ {
    "label" : "/food and drink/food",
    "score" : 0.998926
  }, {
    "label" : "/food and drink/cuisines",
    "score" : 0.98377
  }, {
    "label" : "/food and drink/food/salads",
    "score" : 0.978327
  } ],
  "concepts" : [ {
    "dbpediaResource" : "http://dbpedia.org/resource/Roasting",
    "relevance" : 0.966493,
    "text" : "Roasting"
  }, {
    "dbpediaResource" : "http://dbpedia.org/resource/Meat",
    "relevance" : 0.964195,
    "text" : "Meat"
  }, {
    "dbpediaResource" : "http://dbpedia.org/resource/Pork",
    "relevance" : 0.837506,
    "text" : "Pork"
  }, {
    "dbpediaResource" : "http://dbpedia.org/resource/Black_pepper",
    "relevance" : 0.792495,
    "text" : "Black pepper"
  }, {
    "dbpediaResource" : "http://dbpedia.org/resource/Onion",
    "relevance" : 0.761681,
    "text" : "Onion"
  }, {
    "dbpediaResource" : "http://dbpedia.org/resource/Garlic",
    "relevance" : 0.753138,
    "text" : "Garlic"
  }, {
    "dbpediaResource" : "http://dbpedia.org/resource/Microwave_oven",
    "relevance" : 0.671825,
    "text" : "Microwave oven"
  }, {
    "dbpediaResource" : "http://dbpedia.org/resource/Flavor",
    "relevance" : 0.635974,
    "text" : "Flavor"
  }, {
    "dbpediaResource" : "http://dbpedia.org/resource/Celery",
    "relevance" : 0.608456,
    "text" : "Celery"
  }, {
    "dbpediaResource" : "http://dbpedia.org/resource/Allium",
    "relevance" : 0.57418,
    "text" : "Allium"
  }, {
    "dbpediaResource" : "http://dbpedia.org/resource/Cooking",
    "relevance" : 0.573727,
    "text" : "Cooking"
  }, {
    "dbpediaResource" : "http://dbpedia.org/resource/Salad",
    "relevance" : 0.571466,
    "text" : "Salad"
  }, {
    "dbpediaResource" : "http://dbpedia.org/resource/Oven",
    "relevance" : 0.571127,
    "text" : "Oven"
  }, {
    "dbpediaResource" : "http://dbpedia.org/resource/Cooking_techniques",
    "relevance" : 0.570961,
    "text" : "Cooking techniques"
  }, {
    "dbpediaResource" : "http://dbpedia.org/resource/Spice",
    "relevance" : 0.560508,
    "text" : "Spice"
  }, {
    "dbpediaResource" : "http://dbpedia.org/resource/Meal",
    "relevance" : 0.552449,
    "text" : "Meal"
  }, {
    "dbpediaResource" : "http://dbpedia.org/resource/Rotisserie",
    "relevance" : 0.547409,
    "text" : "Rotisserie"
  }, {
    "dbpediaResource" : "http://dbpedia.org/resource/Beef",
    "relevance" : 0.540833,
    "text" : "Beef"
  }, {
    "dbpediaResource" : "http://dbpedia.org/resource/Leftovers",
    "relevance" : 0.539536,
    "text" : "Leftovers"
  }, {
    "dbpediaResource" : "http://dbpedia.org/resource/Barbecue",
    "relevance" : 0.533362,
    "text" : "Barbecue"
  }, {
    "dbpediaResource" : "http://dbpedia.org/resource/Pulled_pork",
    "relevance" : 0.521613,
    "text" : "Pulled pork"
  }, {
    "dbpediaResource" : "http://dbpedia.org/resource/Bread",
    "relevance" : 0.512429,
    "text" : "Bread"
  }, {
    "dbpediaResource" : "http://dbpedia.org/resource/Alliaceae",
    "relevance" : 0.503295,
    "text" : "Alliaceae"
  }, {
    "dbpediaResource" : "http://dbpedia.org/resource/Livestock",
    "relevance" : 0.499932,
    "text" : "Livestock"
  } ],
  "entities" : [ {
    "count" : 1,
    "disambiguation" : null,
    "emotion" : null,
    "mentions" : null,
    "relevance" : 0.775486,
    "sentiment" : null,
    "text" : "Seasoned Salt",
    "type" : "Company"
  }, {
    "count" : 5,
    "disambiguation" : null,
    "emotion" : null,
    "mentions" : null,
    "relevance" : 0.775486,
    "sentiment" : null,
    "text" : "3 Tbsp",
    "type" : "Quantity"
  }, {
    "count" : 5,
    "disambiguation" : null,
    "emotion" : null,
    "mentions" : null,
    "relevance" : 0.775486,
    "sentiment" : null,
    "text" : "45 mL",
    "type" : "Quantity"
  }, {
    "count" : 3,
    "disambiguation" : null,
    "emotion" : null,
    "mentions" : null,
    "relevance" : 0.775486,
    "sentiment" : null,
    "text" : "250 mL",
    "type" : "Quantity"
  }, {
    "count" : 3,
    "disambiguation" : null,
    "emotion" : null,
    "mentions" : null,
    "relevance" : 0.775486,
    "sentiment" : null,
    "text" : "1 cup",
    "type" : "Quantity"
  }, {
    "count" : 2,
    "disambiguation" : null,
    "emotion" : null,
    "mentions" : null,
    "relevance" : 0.775486,
    "sentiment" : null,
    "text" : "1 Tbsp",
    "type" : "Quantity"
  }, {
    "count" : 2,
    "disambiguation" : null,
    "emotion" : null,
    "mentions" : null,
    "relevance" : 0.775486,
    "sentiment" : null,
    "text" : "15 mL",
    "type" : "Quantity"
  }, {
    "count" : 1,
    "disambiguation" : null,
    "emotion" : null,
    "mentions" : null,
    "relevance" : 0.775486,
    "sentiment" : null,
    "text" : "30 minutes",
    "type" : "Quantity"
  }, {
    "count" : 1,
    "disambiguation" : null,
    "emotion" : null,
    "mentions" : null,
    "relevance" : 0.775486,
    "sentiment" : null,
    "text" : "6 months",
    "type" : "Quantity"
  }, {
    "count" : 1,
    "disambiguation" : null,
    "emotion" : null,
    "mentions" : null,
    "relevance" : 0.775486,
    "sentiment" : null,
    "text" : "3 hours",
    "type" : "Quantity"
  }, {
    "count" : 1,
    "disambiguation" : null,
    "emotion" : null,
    "mentions" : null,
    "relevance" : 0.775486,
    "sentiment" : null,
    "text" : "2 cups",
    "type" : "Quantity"
  }, {
    "count" : 1,
    "disambiguation" : null,
    "emotion" : null,
    "mentions" : null,
    "relevance" : 0.775486,
    "sentiment" : null,
    "text" : "4 cups",
    "type" : "Quantity"
  }, {
    "count" : 1,
    "disambiguation" : null,
    "emotion" : null,
    "mentions" : null,
    "relevance" : 0.775486,
    "sentiment" : null,
    "text" : "500 mL",
    "type" : "Quantity"
  }, {
    "count" : 1,
    "disambiguation" : null,
    "emotion" : null,
    "mentions" : null,
    "relevance" : 0.775486,
    "sentiment" : null,
    "text" : "60 ml",
    "type" : "Quantity"
  }, {
    "count" : 1,
    "disambiguation" : null,
    "emotion" : null,
    "mentions" : null,
    "relevance" : 0.775486,
    "sentiment" : null,
    "text" : "2 kg",
    "type" : "Quantity"
  }, {
    "count" : 1,
    "disambiguation" : null,
    "emotion" : null,
    "mentions" : null,
    "relevance" : 0.775486,
    "sentiment" : null,
    "text" : "4 lb",
    "type" : "Quantity"
  }, {
    "count" : 1,
    "disambiguation" : null,
    "emotion" : null,
    "mentions" : null,
    "relevance" : 0.775486,
    "sentiment" : null,
    "text" : "1 L",
    "type" : "Quantity"
  }, {
    "count" : 1,
    "disambiguation" : null,
    "emotion" : null,
    "mentions" : null,
    "relevance" : 0.775486,
    "sentiment" : null,
    "text" : "30%",
    "type" : "Quantity"
  } ],
  "fileName" : "Oven Cooked Pulled Pork.pdf",
  "keywords" : [ {
    "emotion" : null,
    "relevance" : 0.945446,
    "sentiment" : null,
    "text" : "ï‚· Rub"
  }, {
    "emotion" : null,
    "relevance" : 0.651345,
    "sentiment" : null,
    "text" : "Dry Rub"
  }, {
    "emotion" : null,
    "relevance" : 0.632742,
    "sentiment" : null,
    "text" : "average family barbecue"
  }, {
    "emotion" : null,
    "relevance" : 0.586349,
    "sentiment" : null,
    "text" : "roasting pan"
  }, {
    "emotion" : null,
    "relevance" : 0.585492,
    "sentiment" : null,
    "text" : "boneless pork shoulder"
  }, {
    "emotion" : null,
    "relevance" : 0.56108,
    "sentiment" : null,
    "text" : "Oven Roasted Pulled Pork Pick"
  }, {
    "emotion" : null,
    "relevance" : 0.55269,
    "sentiment" : null,
    "text" : "fat cap"
  }, {
    "emotion" : null,
    "relevance" : 0.546673,
    "sentiment" : null,
    "text" : "extra flavor"
  }, {
    "emotion" : null,
    "relevance" : 0.533889,
    "sentiment" : null,
    "text" : "Pork"
  }, {
    "emotion" : null,
    "relevance" : 0.531788,
    "sentiment" : null,
    "text" : "natural juices"
  }, {
    "emotion" : null,
    "relevance" : 0.531556,
    "sentiment" : null,
    "text" : "slow food"
  }, {
    "emotion" : null,
    "relevance" : 0.531501,
    "sentiment" : null,
    "text" : "black pepper"
  }, {
    "emotion" : null,
    "relevance" : 0.531501,
    "sentiment" : null,
    "text" : "french fries"
  }, {
    "emotion" : null,
    "relevance" : 0.528712,
    "sentiment" : null,
    "text" : "cup"
  }, {
    "emotion" : null,
    "relevance" : 0.525131,
    "sentiment" : null,
    "text" : "lot of other recipes"
  }, {
    "emotion" : null,
    "relevance" : 0.521339,
    "sentiment" : null,
    "text" : "leftover rub"
  }, {
    "emotion" : null,
    "relevance" : 0.519969,
    "sentiment" : null,
    "text" : "pork shoulder"
  }, {
    "emotion" : null,
    "relevance" : 0.515687,
    "sentiment" : null,
    "text" : "raw weight"
  }, {
    "emotion" : null,
    "relevance" : 0.512579,
    "sentiment" : null,
    "text" : "lean meat"
  }, {
    "emotion" : null,
    "relevance" : 0.512321,
    "sentiment" : null,
    "text" : "Purpose"
  }, {
    "emotion" : null,
    "relevance" : 0.511997,
    "sentiment" : null,
    "text" : "beans"
  }, {
    "emotion" : null,
    "relevance" : 0.510563,
    "sentiment" : null,
    "text" : "master"
  }, {
    "emotion" : null,
    "relevance" : 0.510042,
    "sentiment" : null,
    "text" : "forks"
  }, {
    "emotion" : null,
    "relevance" : 0.509182,
    "sentiment" : null,
    "text" : "catfish"
  }, {
    "emotion" : null,
    "relevance" : 0.509027,
    "sentiment" : null,
    "text" : "leftovers"
  }, {
    "emotion" : null,
    "relevance" : 0.508484,
    "sentiment" : null,
    "text" : "fat"
  }, {
    "emotion" : null,
    "relevance" : 0.508477,
    "sentiment" : null,
    "text" : "donâ€™t rush"
  }, {
    "emotion" : null,
    "relevance" : 0.508431,
    "sentiment" : null,
    "text" : "long roasting time"
  }, {
    "emotion" : null,
    "relevance" : 0.50759,
    "sentiment" : null,
    "text" : "picnic shoulder"
  }, {
    "emotion" : null,
    "relevance" : 0.507573,
    "sentiment" : null,
    "text" : "ingredients"
  }, {
    "emotion" : null,
    "relevance" : 0.506743,
    "sentiment" : null,
    "text" : "popcorn"
  }, {
    "emotion" : null,
    "relevance" : 0.506246,
    "sentiment" : null,
    "text" : "ground"
  }, {
    "emotion" : null,
    "relevance" : 0.505901,
    "sentiment" : null,
    "text" : "shrimp"
  }, {
    "emotion" : null,
    "relevance" : 0.505777,
    "sentiment" : null,
    "text" : "Lawry"
  }, {
    "emotion" : null,
    "relevance" : 0.505748,
    "sentiment" : null,
    "text" : "cups"
  }, {
    "emotion" : null,
    "relevance" : 0.50572,
    "sentiment" : null,
    "text" : "salad"
  }, {
    "emotion" : null,
    "relevance" : 0.505561,
    "sentiment" : null,
    "text" : "bun"
  }, {
    "emotion" : null,
    "relevance" : 0.505259,
    "sentiment" : null,
    "text" : "recipe"
  }, {
    "emotion" : null,
    "relevance" : 0.505151,
    "sentiment" : null,
    "text" : "hands"
  }, {
    "emotion" : null,
    "relevance" : 0.505044,
    "sentiment" : null,
    "text" : "hours"
  }, {
    "emotion" : null,
    "relevance" : 0.504867,
    "sentiment" : null,
    "text" : "cupboard"
  }, {
    "emotion" : null,
    "relevance" : 0.504627,
    "sentiment" : null,
    "text" : "shoulder"
  }, {
    "emotion" : null,
    "relevance" : 0.504014,
    "sentiment" : null,
    "text" : "dressings"
  }, {
    "emotion" : null,
    "relevance" : 0.504014,
    "sentiment" : null,
    "text" : "Salt"
  }, {
    "emotion" : null,
    "relevance" : 0.504014,
    "sentiment" : null,
    "text" : "sugar"
  }, {
    "emotion" : null,
    "relevance" : 0.504014,
    "sentiment" : null,
    "text" : "imagination"
  }, {
    "emotion" : null,
    "relevance" : 0.504014,
    "sentiment" : null,
    "text" : "meal"
  }, {
    "emotion" : null,
    "relevance" : 0.504014,
    "sentiment" : null,
    "text" : "restaurant"
  }, {
    "emotion" : null,
    "relevance" : 0.504014,
    "sentiment" : null,
    "text" : "parsley"
  }, {
    "emotion" : null,
    "relevance" : 0.504014,
    "sentiment" : null,
    "text" : "oregano"
  } ],
  "sourceConnector" : "FileSystem Connector",
  "sourceEnrichment" : "Watson Natural Language Understanding",
  "sourceText" : "\nOven-Roasted Pulled Pork: Makes 6 servings \n\n4 lb (2 kg) boneless pork shoulder or picnic shoulder  \n\nÂ¼ cup (60 ml) All-Purpose Dry Rub (see directly below) \n\nAll-Purpose Dry Rub  \n\n1 cup (250 mL) dried parsley \n\n1 cup (250 mL) sugar \n\n3 Tbsp (45 mL) garlic powder \n\n3 Tbsp (45 mL) onion powder \n\n3 Tbsp (45 mL) dried oregano \n\n1 cup (250 mL) Lawryâ€™s Seasoned Salt \n\n3 Tbsp (45 mL) ground black pepper \n\n3 Tbsp (45 mL) sweet paprika \n\n1 Tbsp (15 mL) mild mustard powder \n\n1 Tbsp (15 mL) celery salt \n\ndash cayenne powder \n\nInstructions \n\nï‚· For Dry Rub \n\nï‚· Combine all the ingredients in a mixing bowl with a whisk. Make sure there are no clumps \n\nï‚· Store any leftover rub in an airtight container in the cupboard for up to 6 months \n\nï‚· For Oven Roasted Pulled Pork \n\nï‚· Preheat oven to 225ÂºF (105ÂºC) \n\nï‚· Rub the pork shoulder liberally with the All-Purpose Dry Rub \n\nï‚· Place the shoulder in a roasting pan, fat cap up, and cook in the preheated oven for 3 hours \n\nï‚· Remove from the oven, wrap with tinfoil, and cook for another hour \n\nï‚· To know when itâ€™s done, test it by pushing down on the pork shoulder \n\nï‚· It should feel tender and ready to fall apart, if itâ€™s still too firm, cook for another 30 minutes \n\nï‚· Remove from the oven and unwrap the pork \n\nï‚· Use two forks to separate the pork while it rests in the roasting pan \n\nï‚· There will be natural juices and drippings that you can incorporate back into the pulled pork \n\nï‚· Just massage them in with your hands (clean, of course!) \n\nï‚· This will add extra flavor and keep it nice and moist \n\nï‚· Serve on a bun, with a salad, or as a meal. Itâ€™s versatile! \n\nFor Oven Roasted Pulled Pork Pick a pork shoulder thatâ€™s not too lean, because you will \n\nrender the fat through the lean meat during the long roasting time. Youâ€™ll lose up to 30% of \nthe raw weight when itâ€™s done. Even in the oven, expect about 4â€“4Â½ hours of cooking time. \nItâ€™s slow foodâ€”donâ€™t rush it! \n\nFor Dry Rub This is the classic, master dry rub that we use at the restaurant. Youâ€™ll see it in \nthe beans, pork, catfish breading, shrimp, and on our french fries. Try it on homemade \n\nsnacks, like spiced nuts or popcorn, or on a variety of salads and dressings. Use your \nimagination! For an average family barbecue, youâ€™ll only need 1â€“2 cups (250â€“500 mL). \n\nHowever, because this keeps well, and you can use the leftovers in a lot of other recipes, we \nhave included a recipe that makes 4 cups (1 L). \n\n\n"
}