{
  "batchId" : "524151d9-1c9b-40d6-b7c6-9422a9eaf22c",
  "batchTimestamp" : "2018-12-03T23:55:54Z",
  "categories" : [ {
    "label" : "/technology and computing/operating systems",
    "score" : 0.997465
  }, {
    "label" : "/technology and computing/hardware/computer/servers",
    "score" : 0.994369
  }, {
    "label" : "/technology and computing/internet technology/email",
    "score" : 0.932213
  } ],
  "concepts" : [ {
    "dbpediaResource" : "http://dbpedia.org/resource/Enterprise_content_management",
    "relevance" : 0.931764,
    "text" : "Enterprise content management"
  }, {
    "dbpediaResource" : "http://dbpedia.org/resource/Operating_system",
    "relevance" : 0.906779,
    "text" : "Operating system"
  }, {
    "dbpediaResource" : "http://dbpedia.org/resource/Microsoft_Windows",
    "relevance" : 0.863787,
    "text" : "Microsoft Windows"
  }, {
    "dbpediaResource" : "http://dbpedia.org/resource/Acceptance_testing",
    "relevance" : 0.720201,
    "text" : "Acceptance testing"
  }, {
    "dbpediaResource" : "http://dbpedia.org/resource/Accounting_software",
    "relevance" : 0.713049,
    "text" : "Accounting software"
  }, {
    "dbpediaResource" : "http://dbpedia.org/resource/X86",
    "relevance" : 0.71122,
    "text" : "X86"
  }, {
    "dbpediaResource" : "http://dbpedia.org/resource/SAP_ERP",
    "relevance" : 0.6764,
    "text" : "SAP ERP"
  }, {
    "dbpediaResource" : "http://dbpedia.org/resource/Vector_space",
    "relevance" : 0.675493,
    "text" : "Vector space"
  }, {
    "dbpediaResource" : "http://dbpedia.org/resource/Workflow",
    "relevance" : 0.654364,
    "text" : "Workflow"
  }, {
    "dbpediaResource" : "http://dbpedia.org/resource/Accounts_payable",
    "relevance" : 0.654216,
    "text" : "Accounts payable"
  } ],
  "entities" : [ {
    "count" : 6,
    "disambiguation" : null,
    "emotion" : null,
    "mentions" : null,
    "relevance" : 0.938906,
    "sentiment" : null,
    "text" : "SAP",
    "type" : "Company"
  }, {
    "count" : 1,
    "disambiguation" : null,
    "emotion" : null,
    "mentions" : null,
    "relevance" : 0.430321,
    "sentiment" : null,
    "text" : "SAP Security",
    "type" : "Company"
  }, {
    "count" : 1,
    "disambiguation" : null,
    "emotion" : null,
    "mentions" : null,
    "relevance" : 0.368946,
    "sentiment" : null,
    "text" : "docuflow Enterprise Connector",
    "type" : "Company"
  }, {
    "count" : 2,
    "disambiguation" : null,
    "emotion" : null,
    "mentions" : null,
    "relevance" : 0.339373,
    "sentiment" : null,
    "text" : "docuflow",
    "type" : "Person"
  }, {
    "count" : 2,
    "disambiguation" : null,
    "emotion" : null,
    "mentions" : null,
    "relevance" : 0.304131,
    "sentiment" : null,
    "text" : "administrator",
    "type" : "JobTitle"
  }, {
    "count" : 1,
    "disambiguation" : null,
    "emotion" : null,
    "mentions" : null,
    "relevance" : 0.215924,
    "sentiment" : null,
    "text" : "Architecture Overview",
    "type" : "PrintMedia"
  }, {
    "count" : 2,
    "disambiguation" : null,
    "emotion" : null,
    "mentions" : null,
    "relevance" : 0.20298,
    "sentiment" : null,
    "text" : "40GB",
    "type" : "Quantity"
  }, {
    "count" : 1,
    "disambiguation" : null,
    "emotion" : null,
    "mentions" : null,
    "relevance" : 0.20298,
    "sentiment" : null,
    "text" : "10GB",
    "type" : "Quantity"
  }, {
    "count" : 1,
    "disambiguation" : null,
    "emotion" : null,
    "mentions" : null,
    "relevance" : 0.20298,
    "sentiment" : null,
    "text" : "2GB",
    "type" : "Quantity"
  }, {
    "count" : 1,
    "disambiguation" : null,
    "emotion" : null,
    "mentions" : null,
    "relevance" : 0.20298,
    "sentiment" : null,
    "text" : "6GB",
    "type" : "Quantity"
  }, {
    "count" : 1,
    "disambiguation" : null,
    "emotion" : null,
    "mentions" : null,
    "relevance" : 0.20298,
    "sentiment" : null,
    "text" : "8GB",
    "type" : "Quantity"
  } ],
  "fileName" : "docuflow Technical Specifications (002).docx",
  "keywords" : [ {
    "emotion" : null,
    "relevance" : 0.806218,
    "sentiment" : null,
    "text" : "docuflow offering"
  }, {
    "emotion" : null,
    "relevance" : 0.652981,
    "sentiment" : null,
    "text" : "docuflow ECM"
  }, {
    "emotion" : null,
    "relevance" : 0.651441,
    "sentiment" : null,
    "text" : "docuflow Content Server"
  }, {
    "emotion" : null,
    "relevance" : 0.6214,
    "sentiment" : null,
    "text" : "SAP DMS integration"
  }, {
    "emotion" : null,
    "relevance" : 0.60532,
    "sentiment" : null,
    "text" : "SAP transport component"
  }, {
    "emotion" : null,
    "relevance" : 0.591802,
    "sentiment" : null,
    "text" : "docuflow Enterprise Connector"
  }, {
    "emotion" : null,
    "relevance" : 0.570089,
    "sentiment" : null,
    "text" : "date Java Runtime Environment"
  }, {
    "emotion" : null,
    "relevance" : 0.565543,
    "sentiment" : null,
    "text" : "middleware component"
  }, {
    "emotion" : null,
    "relevance" : 0.562911,
    "sentiment" : null,
    "text" : "SAP"
  }, {
    "emotion" : null,
    "relevance" : 0.560371,
    "sentiment" : null,
    "text" : "Line of business solutions"
  }, {
    "emotion" : null,
    "relevance" : 0.559464,
    "sentiment" : null,
    "text" : "document storage"
  }, {
    "emotion" : null,
    "relevance" : 0.543635,
    "sentiment" : null,
    "text" : "modern Windows Server"
  }, {
    "emotion" : null,
    "relevance" : 0.543465,
    "sentiment" : null,
    "text" : "SAP boundary"
  }, {
    "emotion" : null,
    "relevance" : 0.539436,
    "sentiment" : null,
    "text" : "customer SAP Basis"
  }, {
    "emotion" : null,
    "relevance" : 0.538691,
    "sentiment" : null,
    "text" : "directional metadata transfer"
  }, {
    "emotion" : null,
    "relevance" : 0.538383,
    "sentiment" : null,
    "text" : "below diagram"
  }, {
    "emotion" : null,
    "relevance" : 0.538,
    "sentiment" : null,
    "text" : "components"
  }, {
    "emotion" : null,
    "relevance" : 0.537862,
    "sentiment" : null,
    "text" : "code bi-directional metadata transfer"
  }, {
    "emotion" : null,
    "relevance" : 0.533787,
    "sentiment" : null,
    "text" : "Development Kit"
  }, {
    "emotion" : null,
    "relevance" : 0.529976,
    "sentiment" : null,
    "text" : "Choice List modules"
  }, {
    "emotion" : null,
    "relevance" : 0.529969,
    "sentiment" : null,
    "text" : "list support"
  }, {
    "emotion" : null,
    "relevance" : 0.527881,
    "sentiment" : null,
    "text" : "docuflow tool"
  }, {
    "emotion" : null,
    "relevance" : 0.524642,
    "sentiment" : null,
    "text" : "extra space"
  }, {
    "emotion" : null,
    "relevance" : 0.523933,
    "sentiment" : null,
    "text" : "version of java"
  }, {
    "emotion" : null,
    "relevance" : 0.523752,
    "sentiment" : null,
    "text" : "integration"
  }, {
    "emotion" : null,
    "relevance" : 0.523178,
    "sentiment" : null,
    "text" : "SAP message output"
  }, {
    "emotion" : null,
    "relevance" : 0.522785,
    "sentiment" : null,
    "text" : "flexible SAP"
  }, {
    "emotion" : null,
    "relevance" : 0.522137,
    "sentiment" : null,
    "text" : "basic components of the docuflow stack"
  }, {
    "emotion" : null,
    "relevance" : 0.520972,
    "sentiment" : null,
    "text" : "2GB"
  }, {
    "emotion" : null,
    "relevance" : 0.520039,
    "sentiment" : null,
    "text" : "Minimum Requirements"
  }, {
    "emotion" : null,
    "relevance" : 0.520002,
    "sentiment" : null,
    "text" : "comprehensive SAP"
  }, {
    "emotion" : null,
    "relevance" : 0.519258,
    "sentiment" : null,
    "text" : "SAP ArchiveLink framework"
  }, {
    "emotion" : null,
    "relevance" : 0.514748,
    "sentiment" : null,
    "text" : "docuflow Toolset vs. Integration Pattern"
  }, {
    "emotion" : null,
    "relevance" : 0.512897,
    "sentiment" : null,
    "text" : "additional add-ons"
  }, {
    "emotion" : null,
    "relevance" : 0.512708,
    "sentiment" : null,
    "text" : "docuflow middleware component"
  }, {
    "emotion" : null,
    "relevance" : 0.512552,
    "sentiment" : null,
    "text" : "installer"
  }, {
    "emotion" : null,
    "relevance" : 0.512385,
    "sentiment" : null,
    "text" : "user"
  }, {
    "emotion" : null,
    "relevance" : 0.509495,
    "sentiment" : null,
    "text" : "SharePoint"
  }, {
    "emotion" : null,
    "relevance" : 0.509099,
    "sentiment" : null,
    "text" : "outline"
  }, {
    "emotion" : null,
    "relevance" : 0.50866,
    "sentiment" : null,
    "text" : "Accounts"
  }, {
    "emotion" : null,
    "relevance" : 0.508479,
    "sentiment" : null,
    "text" : "storage"
  }, {
    "emotion" : null,
    "relevance" : 0.508353,
    "sentiment" : null,
    "text" : "server"
  }, {
    "emotion" : null,
    "relevance" : 0.507152,
    "sentiment" : null,
    "text" : "Figure"
  }, {
    "emotion" : null,
    "relevance" : 0.507074,
    "sentiment" : null,
    "text" : "data"
  }, {
    "emotion" : null,
    "relevance" : 0.506802,
    "sentiment" : null,
    "text" : "product"
  }, {
    "emotion" : null,
    "relevance" : 0.506769,
    "sentiment" : null,
    "text" : "ECC"
  }, {
    "emotion" : null,
    "relevance" : 0.506672,
    "sentiment" : null,
    "text" : "process"
  }, {
    "emotion" : null,
    "relevance" : 0.506356,
    "sentiment" : null,
    "text" : "workflow automation"
  }, {
    "emotion" : null,
    "relevance" : 0.506347,
    "sentiment" : null,
    "text" : "customer SAP Security"
  }, {
    "emotion" : null,
    "relevance" : 0.506066,
    "sentiment" : null,
    "text" : "Windows services component"
  } ],
  "sourceConnector" : "FileSystem Connector",
  "sourceEnrichment" : "Watson Natural Language Understanding",
  "sourceText" : "Introduction\n\ndocuflow is a suite of functionality that provides integration between SAP and O365/SharePoint, among other repositories.  This integration includes document storage, linking, bi-directional metadata transfer, process and workflow automation, as well as ArchiveLink processing.  \n\nLine of business solutions (such as Accounts Payable) and additional add-ons (such as SAP DMS integration and Choice List modules) can be leveraged in addition to the baseline functionality.\n\nThe docuflow offering consists of two separate integration options:\n\n1. docuflow ECM\n\nLeveraging components both inside (SAP transport component) and outside the SAP boundary (middleware component), docuflow ECM provides the most powerful and flexible SAP to SharePoint integration options.  Enhanced user-based storage and linking, no-code bi-directional metadata transfer and workflow triggering, all supported by comprehensive SAP based administrator workbench monitoring, utilities, migration capabilities and reporting functions.\n\n2. docuflow Content Server\n\nBased the SAP ArchiveLink framework, the docuflow Content Server (middleware component only), provides SAP message output, document storage, print list support, data archiving, and other AchiveLink functionality form SAP to SharePoint.\n\n\nWhich docuflow tool is utilized depends on the integration pattern:\n\n\t\n\tBusiness Document Storage\n\tEnhanced Business Document Storage\n\tBi-Direction Metadata Transfer\n\tMigration Utilities\n\tAdministrator Workbench\n\tMessage Output Storage\n\tPrint List Storage\n\tData Archiving (ADK)\n\tEnhanced Inbound Processing\n\tInbound SAP DMS Integration\n\tOutbound SAP DMS Support\n\tBi-Directional Workflow Integration\\Process Automation\n\tAuditLink\n\tAccounts Payable\n\tChoice Lists\n\tSharePoint SAP Content API\n\n\tdocuflow ECM\n\tx\n\tx\n\tx\n\tx\n\tx\n\tx\n\t\n\t\n\tx\n\tx\n\tx\n\tx\n\tx\n\tx\n\tx\n\tx\n\n\tdocuflow Content Server\n\tx\n\t\n\t\n\t\n\t\n\tx\n\tx\n\tx\n\t\n\t\n\tx\n\t\n\t\n\t\n\t\n\t\n\n\n\nFigure 1: docuflow Toolset vs. Integration Pattern\nComponent and Architecture Overview\n\nThe below diagram outlines the basic components of the docuflow stack:\n\n\n\n\n*docuflow Enterprise Connector can be installed on-prem, in the cloud, or as a managed server\n\nSupported Environments\n\nSAP \nÂ· ECC 4.7\nÂ· ECC 5.0\nÂ· ECC 6.0\nÂ· BSOH\nÂ· CRM\nSharePoint\nÂ· 2013\nÂ· 2016\nÂ· O365\n\nMinimum Requirements\n\nThe docuflow middleware component (docuflow Enterprise Connector) can typically be installed on an existing server with at least 2GB (6GB recommended) of free memory. It runs on any modern Windows Server (physical as well as virtual servers).  It can also be installed without the Windows services component in order to use some of the utilities found in the Profile Wizard.\n\nThe server should have at least 10GB of free disk space.  The installed product requires much less space but the extra space allows for processing and log files (which can grow over time if not properly maintained).\n\nBelow is the recommended server configuration for the docuflow Enterprise Connector:\n\n\tOperating System\n\tCPU\n\tC Free Space\n\tD Free Space1\n\tRAM\n\n\tModern Windows Server OS\n\t2 cores or 2 physical CPUs with at least 2.0Ghz\n\t40GB\n\t40GB \n\n\t8GB\n\n\n\n1 D drive is used as an example of the secondary drive.  We recommend installing the docuflow Enterprise Connector on something other than the C drive so that the software doesnâ€™t impact the operating system.\n\nThe installer requires an up to date Java Runtime Environment to be installed on the server so that the installation jar file can run.  Note that a JDK (Development Kit) version of java is not required to run the installer.\n\nInstallation Overview\n\n1. Install docuflow Enterprise Connector\n2. Install docuflow SAP transports (docuflow ECM only)\n3. Work with customer SAP Basis to configure SAP ArchiveLink\n4. Work with customer SAP Security to grant necessary SAP ArchiveLink authorizations\n5. Configure docuflow SAP (docuflow ECM only)\n6. Configure docuflow app within SharePoint O365/On-Prem\n7. Configure SharePoint sites/document libraries\n8. Implement integration pattern (as outline in Figure 1)\n9. Unit Testing (DEV)\n10. QUAL Migration\n11. User Acceptance Testing (QUAL)\n12. PROD Migration\n13. Go-Live\n\n\n\n\n\n\n\n\n\n\n\n\n\n\n\n\n\n\n\n\n\n\n\n\n\n\n\n"
}