{
  "batchId" : "0c585a0e-4c48-441b-a1f2-c66aa0128ea1",
  "batchTimestamp" : "2018-12-04T01:40:30Z",
  "categories" : [ {
    "label" : "/technology and computing/software/databases",
    "score" : 0.999902
  } ],
  "concepts" : [ {
    "dbpediaResource" : "http://dbpedia.org/resource/Data_modeling",
    "relevance" : 0.961244,
    "text" : "Data modeling"
  }, {
    "dbpediaResource" : "http://dbpedia.org/resource/Database_management_system",
    "relevance" : 0.950915,
    "text" : "Database management system"
  }, {
    "dbpediaResource" : "http://dbpedia.org/resource/Oracle_Corporation",
    "relevance" : 0.944902,
    "text" : "Oracle Corporation"
  }, {
    "dbpediaResource" : "http://dbpedia.org/resource/Database",
    "relevance" : 0.861386,
    "text" : "Database"
  }, {
    "dbpediaResource" : "http://dbpedia.org/resource/Database_model",
    "relevance" : 0.858954,
    "text" : "Database model"
  }, {
    "dbpediaResource" : "http://dbpedia.org/resource/Archive",
    "relevance" : 0.839109,
    "text" : "Archive"
  }, {
    "dbpediaResource" : "http://dbpedia.org/resource/Relational_model",
    "relevance" : 0.833754,
    "text" : "Relational model"
  }, {
    "dbpediaResource" : "http://dbpedia.org/resource/Oracle_Database",
    "relevance" : 0.795551,
    "text" : "Oracle Database"
  }, {
    "dbpediaResource" : "http://dbpedia.org/resource/Web_archiving",
    "relevance" : 0.783669,
    "text" : "Web archiving"
  }, {
    "dbpediaResource" : "http://dbpedia.org/resource/Flat_file_database",
    "relevance" : 0.751039,
    "text" : "Flat file database"
  }, {
    "dbpediaResource" : "http://dbpedia.org/resource/Data_Manipulation_Language",
    "relevance" : 0.739869,
    "text" : "Data Manipulation Language"
  }, {
    "dbpediaResource" : "http://dbpedia.org/resource/SQL",
    "relevance" : 0.714819,
    "text" : "SQL"
  }, {
    "dbpediaResource" : "http://dbpedia.org/resource/Archival_science",
    "relevance" : 0.626422,
    "text" : "Archival science"
  }, {
    "dbpediaResource" : "http://dbpedia.org/resource/Primary_source",
    "relevance" : 0.613615,
    "text" : "Primary source"
  }, {
    "dbpediaResource" : "http://dbpedia.org/resource/Computer_software",
    "relevance" : 0.604016,
    "text" : "Computer software"
  }, {
    "dbpediaResource" : "http://dbpedia.org/resource/National_Monuments_Record",
    "relevance" : 0.569462,
    "text" : "National Monuments Record"
  }, {
    "dbpediaResource" : "http://dbpedia.org/resource/Relation_(database)",
    "relevance" : 0.567153,
    "text" : "Relation"
  }, {
    "dbpediaResource" : "http://dbpedia.org/resource/Oracle_(disambiguation)",
    "relevance" : 0.560523,
    "text" : "Oracle"
  }, {
    "dbpediaResource" : "http://dbpedia.org/resource/Archives",
    "relevance" : 0.545261,
    "text" : "Archives"
  }, {
    "dbpediaResource" : "http://dbpedia.org/resource/Content_management",
    "relevance" : 0.54479,
    "text" : "Content management"
  }, {
    "dbpediaResource" : "http://dbpedia.org/resource/Statistics",
    "relevance" : 0.543557,
    "text" : "Statistics"
  }, {
    "dbpediaResource" : "http://dbpedia.org/resource/Data_model",
    "relevance" : 0.5355,
    "text" : "Data model"
  }, {
    "dbpediaResource" : "http://dbpedia.org/resource/Content_management_system",
    "relevance" : 0.52967,
    "text" : "Content management system"
  }, {
    "dbpediaResource" : "http://dbpedia.org/resource/Cloud_computing",
    "relevance" : 0.529187,
    "text" : "Cloud computing"
  }, {
    "dbpediaResource" : "http://dbpedia.org/resource/Data_structure",
    "relevance" : 0.526782,
    "text" : "Data structure"
  }, {
    "dbpediaResource" : "http://dbpedia.org/resource/Data_management",
    "relevance" : 0.526353,
    "text" : "Data management"
  }, {
    "dbpediaResource" : "http://dbpedia.org/resource/Access_control",
    "relevance" : 0.523947,
    "text" : "Access control"
  }, {
    "dbpediaResource" : "http://dbpedia.org/resource/Relational_database",
    "relevance" : 0.516702,
    "text" : "Relational database"
  }, {
    "dbpediaResource" : "http://dbpedia.org/resource/PL/SQL",
    "relevance" : 0.515781,
    "text" : "PL/SQL"
  }, {
    "dbpediaResource" : "http://dbpedia.org/resource/Archive_format",
    "relevance" : 0.509922,
    "text" : "Archive format"
  }, {
    "dbpediaResource" : "http://dbpedia.org/resource/Database_theory",
    "relevance" : 0.505828,
    "text" : "Database theory"
  } ],
  "entities" : [ {
    "count" : 6,
    "disambiguation" : null,
    "emotion" : null,
    "mentions" : null,
    "relevance" : 0.941814,
    "sentiment" : null,
    "text" : "SAP",
    "type" : "Company"
  }, {
    "count" : 4,
    "disambiguation" : null,
    "emotion" : null,
    "mentions" : null,
    "relevance" : 0.439936,
    "sentiment" : null,
    "text" : "content manager",
    "type" : "JobTitle"
  }, {
    "count" : 4,
    "disambiguation" : {
      "dbpediaResource" : "http://dbpedia.org/resource/Oracle_Corporation",
      "name" : "Oracle Corporation",
      "subtype" : [ "SoftwareDeveloper", "VentureFundedCompany", "ProgrammingLanguageDesigner" ]
    },
    "emotion" : null,
    "mentions" : null,
    "relevance" : 0.42935,
    "sentiment" : null,
    "text" : "Oracle",
    "type" : "Company"
  }, {
    "count" : 1,
    "disambiguation" : {
      "dbpediaResource" : "http://dbpedia.org/resource/IBM",
      "name" : "IBM",
      "subtype" : [ "SoftwareLicense", "OperatingSystemDeveloper", "ProcessorManufacturer", "SoftwareDeveloper", "CompanyFounder", "ProgrammingLanguageDesigner", "ProgrammingLanguageDeveloper" ]
    },
    "emotion" : null,
    "mentions" : null,
    "relevance" : 0.218807,
    "sentiment" : null,
    "text" : "IBM",
    "type" : "Company"
  }, {
    "count" : 2,
    "disambiguation" : null,
    "emotion" : null,
    "mentions" : null,
    "relevance" : 0.210226,
    "sentiment" : null,
    "text" : "partner",
    "type" : "JobTitle"
  }, {
    "count" : 1,
    "disambiguation" : null,
    "emotion" : null,
    "mentions" : null,
    "relevance" : 0.209494,
    "sentiment" : null,
    "text" : "Cloud",
    "type" : "Company"
  }, {
    "count" : 1,
    "disambiguation" : {
      "dbpediaResource" : null,
      "name" : null,
      "subtype" : [ "Country" ]
    },
    "emotion" : null,
    "mentions" : null,
    "relevance" : 0.17607,
    "sentiment" : null,
    "text" : "Canada",
    "type" : "Location"
  }, {
    "count" : 1,
    "disambiguation" : null,
    "emotion" : null,
    "mentions" : null,
    "relevance" : 0.17607,
    "sentiment" : null,
    "text" : "#",
    "type" : "Hashtag"
  } ],
  "fileName" : "RFI-2017-00005 - Archiving Solution - Additional questions _Darren.docx",
  "keywords" : [ {
    "emotion" : null,
    "relevance" : 0.684441,
    "sentiment" : null,
    "text" : "Database archive process"
  }, {
    "emotion" : null,
    "relevance" : 0.672104,
    "sentiment" : null,
    "text" : "standard fix cost SOW draft"
  }, {
    "emotion" : null,
    "relevance" : 0.621145,
    "sentiment" : null,
    "text" : "SAP modules"
  }, {
    "emotion" : null,
    "relevance" : 0.612237,
    "sentiment" : null,
    "text" : "SAP documents"
  }, {
    "emotion" : null,
    "relevance" : 0.584457,
    "sentiment" : null,
    "text" : "full SAP archive"
  }, {
    "emotion" : null,
    "relevance" : 0.570524,
    "sentiment" : null,
    "text" : "SAP Licenses"
  }, {
    "emotion" : null,
    "relevance" : 0.565525,
    "sentiment" : null,
    "text" : "Oracle database"
  }, {
    "emotion" : null,
    "relevance" : 0.564531,
    "sentiment" : null,
    "text" : "SAP"
  }, {
    "emotion" : null,
    "relevance" : 0.554077,
    "sentiment" : null,
    "text" : "content management"
  }, {
    "emotion" : null,
    "relevance" : 0.552387,
    "sentiment" : null,
    "text" : "access data"
  }, {
    "emotion" : null,
    "relevance" : 0.550592,
    "sentiment" : null,
    "text" : "project plan"
  }, {
    "emotion" : null,
    "relevance" : 0.54559,
    "sentiment" : null,
    "text" : "SAP archive data"
  }, {
    "emotion" : null,
    "relevance" : 0.543534,
    "sentiment" : null,
    "text" : "list of the SAP transactions"
  }, {
    "emotion" : null,
    "relevance" : 0.541328,
    "sentiment" : null,
    "text" : "cost"
  }, {
    "emotion" : null,
    "relevance" : 0.540106,
    "sentiment" : null,
    "text" : "content manager"
  }, {
    "emotion" : null,
    "relevance" : 0.538123,
    "sentiment" : null,
    "text" : "breakdown of the cost"
  }, {
    "emotion" : null,
    "relevance" : 0.532979,
    "sentiment" : null,
    "text" : "List"
  }, {
    "emotion" : null,
    "relevance" : 0.532579,
    "sentiment" : null,
    "text" : "minimum components"
  }, {
    "emotion" : null,
    "relevance" : 0.532228,
    "sentiment" : null,
    "text" : "Database"
  }, {
    "emotion" : null,
    "relevance" : 0.531681,
    "sentiment" : null,
    "text" : "Cloud solution"
  }, {
    "emotion" : null,
    "relevance" : 0.531207,
    "sentiment" : null,
    "text" : "Oracle reference"
  }, {
    "emotion" : null,
    "relevance" : 0.530482,
    "sentiment" : null,
    "text" : "different types of storage"
  }, {
    "emotion" : null,
    "relevance" : 0.527456,
    "sentiment" : null,
    "text" : "data"
  }, {
    "emotion" : null,
    "relevance" : 0.524243,
    "sentiment" : null,
    "text" : "foundation elements"
  }, {
    "emotion" : null,
    "relevance" : 0.519868,
    "sentiment" : null,
    "text" : "access"
  }, {
    "emotion" : null,
    "relevance" : 0.518679,
    "sentiment" : null,
    "text" : "Cloud infrastructure"
  }, {
    "emotion" : null,
    "relevance" : 0.518478,
    "sentiment" : null,
    "text" : "third party licences"
  }, {
    "emotion" : null,
    "relevance" : 0.518083,
    "sentiment" : null,
    "text" : "timeline"
  }, {
    "emotion" : null,
    "relevance" : 0.518065,
    "sentiment" : null,
    "text" : "specific additional components"
  }, {
    "emotion" : null,
    "relevance" : 0.517946,
    "sentiment" : null,
    "text" : "standard SAP transaction"
  }, {
    "emotion" : null,
    "relevance" : 0.517824,
    "sentiment" : null,
    "text" : "Phase"
  }, {
    "emotion" : null,
    "relevance" : 0.517399,
    "sentiment" : null,
    "text" : "first archive process"
  }, {
    "emotion" : null,
    "relevance" : 0.516724,
    "sentiment" : null,
    "text" : "resources"
  }, {
    "emotion" : null,
    "relevance" : 0.516432,
    "sentiment" : null,
    "text" : "Supplier"
  }, {
    "emotion" : null,
    "relevance" : 0.515989,
    "sentiment" : null,
    "text" : "list of applications"
  }, {
    "emotion" : null,
    "relevance" : 0.515093,
    "sentiment" : null,
    "text" : "customer"
  }, {
    "emotion" : null,
    "relevance" : 0.51398,
    "sentiment" : null,
    "text" : "documents"
  }, {
    "emotion" : null,
    "relevance" : 0.513902,
    "sentiment" : null,
    "text" : "auto"
  }, {
    "emotion" : null,
    "relevance" : 0.513285,
    "sentiment" : null,
    "text" : "solutions"
  }, {
    "emotion" : null,
    "relevance" : 0.510894,
    "sentiment" : null,
    "text" : "Discovery"
  }, {
    "emotion" : null,
    "relevance" : 0.509607,
    "sentiment" : null,
    "text" : "Implementation"
  }, {
    "emotion" : null,
    "relevance" : 0.508431,
    "sentiment" : null,
    "text" : "link"
  }, {
    "emotion" : null,
    "relevance" : 0.508084,
    "sentiment" : null,
    "text" : "different versions of database models"
  }, {
    "emotion" : null,
    "relevance" : 0.507969,
    "sentiment" : null,
    "text" : "references"
  }, {
    "emotion" : null,
    "relevance" : 0.506644,
    "sentiment" : null,
    "text" : "solution"
  }, {
    "emotion" : null,
    "relevance" : 0.506454,
    "sentiment" : null,
    "text" : "databases"
  }, {
    "emotion" : null,
    "relevance" : 0.506443,
    "sentiment" : null,
    "text" : "question"
  }, {
    "emotion" : null,
    "relevance" : 0.506286,
    "sentiment" : null,
    "text" : "order"
  }, {
    "emotion" : null,
    "relevance" : 0.505521,
    "sentiment" : null,
    "text" : "thing"
  }, {
    "emotion" : null,
    "relevance" : 0.505415,
    "sentiment" : null,
    "text" : "infrastructure"
  } ],
  "sourceConnector" : "FileSystem Connector",
  "sourceEnrichment" : "Watson Natural Language Understanding",
  "sourceText" : "\t#\n\tRFI-2017-00005 - Archiving Solution \nMarch 1, 2018\nAdditional questions\n\tIBM RESPONSE BYÂ :\n_____________________\n\nDateÂ :________________\n\n\t1\n\tCould you provide us with references for your SAP and Database archiving (preferably an Oracle reference) solutions?\n\t\n\n\t2\n\tList any SAP modules, SAP Licenses or third party licences required to implement your solution?\n\t\n\n\t3\n\tWhat are the minimum components required to archive&access&auto-classify initially for archiving SAP documents and data?\n\t\n\n\t4\n\tDo you offer a Cloud solution for your SAP and Database Archiving solution? Is the Cloud infrastructure located in Canada? What is the cost related to your Cloud solution and what is included in this cost?\n\t\n\n\t5\n\tProvide the detailed layered breakdown of the cost related to SAP Archiving solution and Oracle database (structured data) segregating foundation elements, specific additional components \n\t\n\n\t6\n\tList the other components required to our infrastructure in order to support Database archive process?\n\t\n\n\t7\n\tProvide a standard fix cost SOW draft indicating timeline, estimated resources (Supplier and customer), project plan and cost for initially  implementing SAP only â€“ ventilating Phase 1 Discovery, Phase 2 Implementation ( Including a partner proposal if required)\n\t\n\n\t8\n\tProvide a standard fix cost SOW draft indicating timeline,  estimated resources (supplier and Customer), project plan and cost for initially  implementing other databases â€“ ventilating Phase 1 Discovery, Phase 2 Implementation( Including a partner proposal if required)\n\t\n\n\t9\n\tExplain the full SAP archive & disposition end to end process?\n\t\n\n\t11\n\tProvide the list of applications and databases connectors supported. \n\t\n\n\t12\n\tExplain how to access the SAP archived data and documents from your content manager?\n\t\n\n\t13\n\tExplain how to access the SAP archive data and documents from SAP interfaces?\n\t\n\n\t14\n\tExplain how to move SAP documents in the content management and keep stub/link only \n\t\n\n\t15\n\tExplain how to export and auto classify documents from the first archive process? \nSame question for Structured database?\n\n\t\n\n\t16\n\tExplain how to manage security of SAP documents in the content manager?\n\t\n\n\t17\n\tProvide the list of the SAP transactions which are not integrated in the standard SAP transaction after the archived data process?\n\t\n\n\t18\n\tExplain how to move archive data and documents through the different types of storage during the data lifetime?\n\tI am working on a diagram. For this. No questions.\n\n\t19\n\tExplain how to maintain the link inside the Content Manager when we create a new document inside SAP after the archiving process was run? Same thing for the Oracle Database?\n\t\n\n\t20\n\tCould you explain the on-going of the auto classify documents?\n\tWe need clarification on this. Iâ€™m not sure what they mean by auto classification of documents.\n\n\t21\n\tExplain how to archive and access data and documents from an Oracle database\n\t\n\n\t22\n\tExplain how is accessed Oracle data and documents archived through database requests\n\t\n\n\t23\n\tExplain how to archive and dispose database tables used by other systems (other database)\n\t\n\n\t24\n\tExplain how to manage different versions of database models in the Content Manager?\n\t\n\n\n\n"
}