{
  "batchId" : "0c585a0e-4c48-441b-a1f2-c66aa0128ea1",
  "batchTimestamp" : "2018-12-04T01:40:29Z",
  "categories" : [ {
    "label" : "/technology and computing/operating systems",
    "score" : 0.989577
  }, {
    "label" : "/technology and computing/hardware/computer/servers",
    "score" : 0.981584
  }, {
    "label" : "/technology and computing/software",
    "score" : 0.920681
  } ],
  "concepts" : [ {
    "dbpediaResource" : "http://dbpedia.org/resource/User_(computing)",
    "relevance" : 0.983977,
    "text" : "User"
  }, {
    "dbpediaResource" : "http://dbpedia.org/resource/Login",
    "relevance" : 0.951826,
    "text" : "Login"
  }, {
    "dbpediaResource" : "http://dbpedia.org/resource/Access_code",
    "relevance" : 0.651083,
    "text" : "Access code"
  }, {
    "dbpediaResource" : "http://dbpedia.org/resource/Password",
    "relevance" : 0.478144,
    "text" : "Password"
  }, {
    "dbpediaResource" : "http://dbpedia.org/resource/Logging_in",
    "relevance" : 0.427128,
    "text" : "Logging in"
  }, {
    "dbpediaResource" : "http://dbpedia.org/resource/OpenID",
    "relevance" : 0.378894,
    "text" : "OpenID"
  }, {
    "dbpediaResource" : "http://dbpedia.org/resource/Luser",
    "relevance" : 0.352202,
    "text" : "Luser"
  }, {
    "dbpediaResource" : "http://dbpedia.org/resource/Help_desk",
    "relevance" : 0.339963,
    "text" : "Help desk"
  }, {
    "dbpediaResource" : "http://dbpedia.org/resource/Username",
    "relevance" : 0.332205,
    "text" : "Username"
  }, {
    "dbpediaResource" : "http://dbpedia.org/resource/Internet_Explorer",
    "relevance" : 0.328235,
    "text" : "Internet Explorer"
  }, {
    "dbpediaResource" : "http://dbpedia.org/resource/Password_cracking",
    "relevance" : 0.297287,
    "text" : "Password cracking"
  }, {
    "dbpediaResource" : "http://dbpedia.org/resource/Dictionary_attack",
    "relevance" : 0.294956,
    "text" : "Dictionary attack"
  }, {
    "dbpediaResource" : "http://dbpedia.org/resource/Spyware",
    "relevance" : 0.27345,
    "text" : "Spyware"
  } ],
  "entities" : [ {
    "count" : 6,
    "disambiguation" : {
      "dbpediaResource" : "http://dbpedia.org/resource/TransAlta",
      "name" : "TransAlta",
      "subtype" : [ ]
    },
    "emotion" : null,
    "mentions" : null,
    "relevance" : 0.933297,
    "sentiment" : null,
    "text" : "TransAlta",
    "type" : "Company"
  }, {
    "count" : 5,
    "disambiguation" : {
      "dbpediaResource" : "http://dbpedia.org/resource/Citrix_Systems",
      "name" : "Citrix Systems",
      "subtype" : [ "SoftwareDeveloper", "VentureFundedCompany" ]
    },
    "emotion" : null,
    "mentions" : null,
    "relevance" : 0.638042,
    "sentiment" : null,
    "text" : "Citrix",
    "type" : "Company"
  }, {
    "count" : 2,
    "disambiguation" : null,
    "emotion" : null,
    "mentions" : null,
    "relevance" : 0.453891,
    "sentiment" : null,
    "text" : "Darren Peloso",
    "type" : "Person"
  }, {
    "count" : 3,
    "disambiguation" : null,
    "emotion" : null,
    "mentions" : null,
    "relevance" : 0.444697,
    "sentiment" : null,
    "text" : "Head Office",
    "type" : "Organization"
  }, {
    "count" : 1,
    "disambiguation" : null,
    "emotion" : null,
    "mentions" : null,
    "relevance" : 0.359029,
    "sentiment" : null,
    "text" : "analyst",
    "type" : "JobTitle"
  }, {
    "count" : 1,
    "disambiguation" : null,
    "emotion" : null,
    "mentions" : null,
    "relevance" : 0.355928,
    "sentiment" : null,
    "text" : "Tania",
    "type" : "Person"
  }, {
    "count" : 1,
    "disambiguation" : null,
    "emotion" : null,
    "mentions" : null,
    "relevance" : 0.351913,
    "sentiment" : null,
    "text" : "TSA",
    "type" : "Organization"
  }, {
    "count" : 1,
    "disambiguation" : null,
    "emotion" : null,
    "mentions" : null,
    "relevance" : 0.333086,
    "sentiment" : null,
    "text" : "TSA",
    "type" : "Company"
  }, {
    "count" : 1,
    "disambiguation" : null,
    "emotion" : null,
    "mentions" : null,
    "relevance" : 0.323468,
    "sentiment" : null,
    "text" : "Wayne Schultz",
    "type" : "Person"
  }, {
    "count" : 1,
    "disambiguation" : {
      "dbpediaResource" : null,
      "name" : null,
      "subtype" : [ "City" ]
    },
    "emotion" : null,
    "mentions" : null,
    "relevance" : 0.322216,
    "sentiment" : null,
    "text" : "Active Directory",
    "type" : "Location"
  }, {
    "count" : 1,
    "disambiguation" : null,
    "emotion" : null,
    "mentions" : null,
    "relevance" : 0.283976,
    "sentiment" : null,
    "text" : "Alberta Coal",
    "type" : "Company"
  }, {
    "count" : 3,
    "disambiguation" : null,
    "emotion" : null,
    "mentions" : null,
    "relevance" : 0.283976,
    "sentiment" : null,
    "text" : "#",
    "type" : "Hashtag"
  }, {
    "count" : 1,
    "disambiguation" : null,
    "emotion" : null,
    "mentions" : null,
    "relevance" : 0.283976,
    "sentiment" : null,
    "text" : "two weeks",
    "type" : "Quantity"
  } ],
  "fileName" : "New User Document - INC #INC000000495306.docx",
  "keywords" : [ {
    "emotion" : null,
    "relevance" : 0.699717,
    "sentiment" : null,
    "text" : "New User Welcome Document"
  }, {
    "emotion" : null,
    "relevance" : 0.675419,
    "sentiment" : null,
    "text" : "IT tech support analyst"
  }, {
    "emotion" : null,
    "relevance" : 0.613942,
    "sentiment" : null,
    "text" : "IT service ticket"
  }, {
    "emotion" : null,
    "relevance" : 0.600701,
    "sentiment" : null,
    "text" : "Head Office"
  }, {
    "emotion" : null,
    "relevance" : 0.600629,
    "sentiment" : null,
    "text" : "Help Desk ticket"
  }, {
    "emotion" : null,
    "relevance" : 0.572965,
    "sentiment" : null,
    "text" : "internet browser"
  }, {
    "emotion" : null,
    "relevance" : 0.568016,
    "sentiment" : null,
    "text" : "new accounts"
  }, {
    "emotion" : null,
    "relevance" : 0.563459,
    "sentiment" : null,
    "text" : "IT Help Desk"
  }, {
    "emotion" : null,
    "relevance" : 0.56326,
    "sentiment" : null,
    "text" : "Internet Explorer"
  }, {
    "emotion" : null,
    "relevance" : 0.561961,
    "sentiment" : null,
    "text" : "non-urgent IT service"
  }, {
    "emotion" : null,
    "relevance" : 0.55948,
    "sentiment" : null,
    "text" : "access point"
  }, {
    "emotion" : null,
    "relevance" : 0.557056,
    "sentiment" : null,
    "text" : "Lotus Notes"
  }, {
    "emotion" : null,
    "relevance" : 0.555596,
    "sentiment" : null,
    "text" : "time login steps"
  }, {
    "emotion" : null,
    "relevance" : 0.550515,
    "sentiment" : null,
    "text" : "IT request services"
  }, {
    "emotion" : null,
    "relevance" : 0.550057,
    "sentiment" : null,
    "text" : "New hardware"
  }, {
    "emotion" : null,
    "relevance" : 0.549365,
    "sentiment" : null,
    "text" : "New User Task Completion List"
  }, {
    "emotion" : null,
    "relevance" : 0.543947,
    "sentiment" : null,
    "text" : "user name"
  }, {
    "emotion" : null,
    "relevance" : 0.543465,
    "sentiment" : null,
    "text" : "remote sites"
  }, {
    "emotion" : null,
    "relevance" : 0.542343,
    "sentiment" : null,
    "text" : "new set of headphones"
  }, {
    "emotion" : null,
    "relevance" : 0.54212,
    "sentiment" : null,
    "text" : "Change Password"
  }, {
    "emotion" : null,
    "relevance" : 0.541421,
    "sentiment" : null,
    "text" : "electronic form"
  }, {
    "emotion" : null,
    "relevance" : 0.540454,
    "sentiment" : null,
    "text" : "password"
  }, {
    "emotion" : null,
    "relevance" : 0.538716,
    "sentiment" : null,
    "text" : "Computer Asset Tag"
  }, {
    "emotion" : null,
    "relevance" : 0.538579,
    "sentiment" : null,
    "text" : "valid password"
  }, {
    "emotion" : null,
    "relevance" : 0.536992,
    "sentiment" : null,
    "text" : "Log"
  }, {
    "emotion" : null,
    "relevance" : 0.530706,
    "sentiment" : null,
    "text" : "Central link"
  }, {
    "emotion" : null,
    "relevance" : 0.527474,
    "sentiment" : null,
    "text" : "appropriate IT group"
  }, {
    "emotion" : null,
    "relevance" : 0.527323,
    "sentiment" : null,
    "text" : "answer questions"
  }, {
    "emotion" : null,
    "relevance" : 0.527092,
    "sentiment" : null,
    "text" : "user's G Drive"
  }, {
    "emotion" : null,
    "relevance" : 0.526137,
    "sentiment" : null,
    "text" : "computer"
  }, {
    "emotion" : null,
    "relevance" : 0.525412,
    "sentiment" : null,
    "text" : "new user's credentials"
  }, {
    "emotion" : null,
    "relevance" : 0.522562,
    "sentiment" : null,
    "text" : "access"
  }, {
    "emotion" : null,
    "relevance" : 0.522506,
    "sentiment" : null,
    "text" : "computer troubles"
  }, {
    "emotion" : null,
    "relevance" : 0.521405,
    "sentiment" : null,
    "text" : "View"
  }, {
    "emotion" : null,
    "relevance" : 0.520698,
    "sentiment" : null,
    "text" : "start date"
  }, {
    "emotion" : null,
    "relevance" : 0.516174,
    "sentiment" : null,
    "text" : "Windows login account"
  }, {
    "emotion" : null,
    "relevance" : 0.515615,
    "sentiment" : null,
    "text" : "IT services"
  }, {
    "emotion" : null,
    "relevance" : 0.515563,
    "sentiment" : null,
    "text" : "Laptop"
  }, {
    "emotion" : null,
    "relevance" : 0.515196,
    "sentiment" : null,
    "text" : "accounts"
  }, {
    "emotion" : null,
    "relevance" : 0.514649,
    "sentiment" : null,
    "text" : "Windows"
  }, {
    "emotion" : null,
    "relevance" : 0.51426,
    "sentiment" : null,
    "text" : "Non-alphabetic characters"
  }, {
    "emotion" : null,
    "relevance" : 0.513208,
    "sentiment" : null,
    "text" : "Help Desk"
  }, {
    "emotion" : null,
    "relevance" : 0.512939,
    "sentiment" : null,
    "text" : "Extra software"
  }, {
    "emotion" : null,
    "relevance" : 0.512267,
    "sentiment" : null,
    "text" : "Security Access"
  }, {
    "emotion" : null,
    "relevance" : 0.51203,
    "sentiment" : null,
    "text" : "Account Information"
  }, {
    "emotion" : null,
    "relevance" : 0.511528,
    "sentiment" : null,
    "text" : "Citrix client"
  }, {
    "emotion" : null,
    "relevance" : 0.511399,
    "sentiment" : null,
    "text" : "request tickets"
  }, {
    "emotion" : null,
    "relevance" : 0.510484,
    "sentiment" : null,
    "text" : "IT Central"
  }, {
    "emotion" : null,
    "relevance" : 0.510478,
    "sentiment" : null,
    "text" : "Citrix"
  }, {
    "emotion" : null,
    "relevance" : 0.51045,
    "sentiment" : null,
    "text" : "username"
  } ],
  "sourceConnector" : "FileSystem Connector",
  "sourceEnrichment" : "Watson Natural Language Understanding",
  "sourceText" : "\t\t\nNew User Welcome Document\t\t\n\n\nHi Darren,\n\nWelcome to TransAlta!  My name is Tania.  I am an IT tech support analyst (TSA) that will help you get started with the accounts that have been created for you.\n\nThis document contains your username and password along with a summary of the tasks that have been completed to prepare for your arrival.  The IT service ticket (i.e. Help Desk ticket) number associated with your new accounts is INC000000495306.  \n\nYour Account Information\nThe information for your accounts is listed below.  There are detailed first-time login steps at the end of this document.\n\nWindows\nYour user name is:\tdpeloso\nYour password is:\tPw495306\nThis username and password is used to login to your computer.  Once logged in, you will be able to access the portal (portal.transalta.org) and Outlook (email).  \n\nLotus Notes\nYour password is:\tPw495306\nLotus Notes contains applications and databases which you may use in your role.  You do not require a username to login to Lotus Notes, but you will be asked to provide a password, which has been listed above.  This password is not synchronized with your Windows login account.\n\n\n\n\nNew User Task Completion List\n\tOnboarding Details\n\n\tClient:\tDarren Peloso\n\n\tAccount Requestor:    \tWayne Schultz\n\n\tWhat is the user's work location?\n\n\t\n\n\tWhen is the required start date?\n\n\tAug 11, 2014\n\n\tOrientation to be completed by TSA or Requestor? (as chosen by the requestor)\n\n\t\n\n\t\n\t\n\n\tStandard Tasks\n\n\t\n\tLogged in using the new user's credentials\n\n\t\n\tSent New User Welcome Document to requestor (contains user's credentials)\n\n\t\n\tSet \"Change Password at next Login\" flag in Active Directory\n\n\t\n\tVerified the user's G Drive is mapped upon login\n\n\t\n\tMapped a default printer\n\n\t\n\tSet up Lotus Notes\n\n\t\n\tLeft a Welcome To TransAlta tent card at user's workspace\n\n\t\n\tLeft a new set of headphones at user's workspace\n\n\t\n\tMapped any other network drives the user has been granted access to\n\n\t\n\t\n\n\tHardware Configuration\n\n\t\n\tTAU #  (Computer Asset Tag #)\n\n\t\n\tNew hardware: Delivered and set up hardware to user's workspace\n\n\t\n\tExisting hardware: Updated PC or replaced with equivalent system\n\n\tExtra software required:\n\n\tÂ· \n\n\t\n\n\n\nHow To Request IT Services\n\n1) By Phone\n\nThe IT Help Desk, reached by calling ext. 3651 at Head Office or +1-403-267-3651 for remote sites), can assist you with computer troubles or answer questions on how to access IT services. Â If they are not able to resolve your issue, they will dispatch it to the appropriate IT group for action.Â  Note that the Help Desk will log a ticket and provide you with the ticket number as a reference.\n\n2) Through IT Central\n\nIT Central is a unified, user-friendly and centralized web-based access point to all IT services.  It can be reached at http://itcentral.transalta.org or from the IT Central link on the portal home page, in the left navigation menu.\n\nFrom the IT Central home page you can: \nÂ· Access all IT request services from one location \nÂ· View all the Open and Closed request tickets created by you for each of the three new request types:\nÂ· Help Desk\nÂ· For non-urgent IT service requests this electronic form can be used instead of phoning the Help Desk\nÂ· Account or Security Access\nÂ· For accounts, file folder permissions, etc.\nÂ· Enhancement Requests\nÂ· Used to request the services of TransAlta's IT developers\nÂ· Access other existing Lotus Notes applications from one location:\nÂ· IT Store\nÂ· For procurement and installation of hardware and software\nÂ· Borrow a Laptop (Head Office or Alberta Coal only)\nÂ· Laptops can be loaned for a period of two weeks or less\nÂ· Employee Moves\nÂ· At Head Office, all computer and phone moves are completed by IT\n\n\n\nDetailed First Time Login Instructions\nTransAlta Password Requirements\nÂ· At least 8 numbers/letters long\nÂ· Cannot contain your account or full name\nÂ· Must contain at least three of the following four character groups:\nÂ· Upper case characters (A to Z)\nÂ· Lower case characters (a to z)\nÂ· Numbers (0 to 9)\nÂ· Non-alphabetic characters (!, $, #, %, etc.)\nFrom a TransAlta computer\n1) Turn on PC\n2) At login prompt, press Ctrl-Alt-Delete\n3) At the Log On window, enter the following and click OK:\nUser name:\tdpeloso\nPassword:\tPw495306\nLog on to:\tTRANSALTA\n4) You will be prompted to change your password:\nOld Password: \t\tPw495306\nNew Password:  \t\tSelect a new password - see above for password requirements\nConfirm New Password:\tRetype new password\n5) Once a valid password has been entered, the computer will continue logging in to the desktop.\nFrom a non-TransAlta computer (using Citrix)\n1) Open an internet browser (e.g. Internet Explorer, Firefox, Chrome, Opera, Safari, etc.)\n2) Enter the following URL in the address bar, then click Enter:  my.transalta.net\n3) At the Log On window, enter the following and click OK:\nUser name:\tdpeloso\nPassword:\tPw495306\n4) If the computer you are using does not have a Citrix client installed, you will be re-directed to a Download Client Software page.\na. Check the Citrix License Agreement box and click the Download button\nb. A file download window will appear.  Click the Run button.  \nc. Another window may appear asking if you want to run the software.  If so, click Run.\nd. You may be prompted to run an ActiveX Control.  In Internet Explorer, click on the Information Bar and select Run ActiveX Control.  Another window will appear asking if you want to run this ActiveX Control.  Click Run.\ne. The Citrix client will finish installing.\n5) You will be prompted to change your password:\nOld Password: \t\tPw495306\nNew Password:  \t\tSelect a new password - see above for password requirements\nConfirm New Password:\tRetype new password\n6) Once a valid password has been entered, the computer will continue logging in to the Citrix Console.\nHow do you change your password if you are not prompted?\n1) While logged in, press Ctrl-Alt-Delete\n2) Click the Change Passwordâ€¦ button in the window that appears.\n3) You will be prompted to change your password:\nOld Password: \t\tPw495306\nNew Password:  \t\tSelect a new password - see above for password requirements\nConfirm New Password:\tRetype new password\n4) Once a valid password has been entered, the computer will continue logging in to the desktop.\n\t\t\n"
}