{
  "batchId" : "649d2ac9-9bdb-471b-b5b4-6b7f1c4c8c99",
  "batchTimestamp" : "2018-12-04T18:45:12Z",
  "categories" : [ {
    "label" : "/health and fitness",
    "score" : 0.738509
  }, {
    "label" : "/health and fitness/men's health",
    "score" : 0.711778
  }, {
    "label" : "/technology and computing/internet technology/email",
    "score" : 0.666468
  } ],
  "concepts" : [ {
    "dbpediaResource" : "http://dbpedia.org/resource/E-mail",
    "relevance" : 0.85546,
    "text" : "E-mail"
  }, {
    "dbpediaResource" : "http://dbpedia.org/resource/Physician",
    "relevance" : 0.769916,
    "text" : "Physician"
  } ],
  "entities" : [ ],
  "fileName" : "Medical History Form.pdf",
  "keywords" : [ {
    "emotion" : null,
    "relevance" : 0.675912,
    "sentiment" : null,
    "text" : "Heart\t\r Â problems"
  }, {
    "emotion" : null,
    "relevance" : 0.634326,
    "sentiment" : null,
    "text" : "BC\t\r Â Care\t\r Â Card"
  }, {
    "emotion" : null,
    "relevance" : 0.629451,
    "sentiment" : null,
    "text" : "major\t\r Â health\t\r Â problems"
  }, {
    "emotion" : null,
    "relevance" : 0.596993,
    "sentiment" : null,
    "text" : "DATE\t\r Â OF\t\r Â BIRTH"
  }, {
    "emotion" : null,
    "relevance" : 0.596993,
    "sentiment" : null,
    "text" : "Recent\t\r Â surgeries"
  }, {
    "emotion" : null,
    "relevance" : 0.596993,
    "sentiment" : null,
    "text" : "MEDICAL\t\r Â HISTORY"
  }, {
    "emotion" : null,
    "relevance" : 0.596993,
    "sentiment" : null,
    "text" : "Family\t\r Â Doctor"
  }, {
    "emotion" : null,
    "relevance" : 0.596993,
    "sentiment" : null,
    "text" : "metal\t\r Â replacements"
  }, {
    "emotion" : null,
    "relevance" : 0.596993,
    "sentiment" : null,
    "text" : "circle\t\r Â area"
  }, {
    "emotion" : null,
    "relevance" : 0.561153,
    "sentiment" : null,
    "text" : "Doctorâ€™s\t\r Â referral"
  }, {
    "emotion" : null,
    "relevance" : 0.545815,
    "sentiment" : null,
    "text" : "cancer"
  }, {
    "emotion" : null,
    "relevance" : 0.545815,
    "sentiment" : null,
    "text" : "work"
  }, {
    "emotion" : null,
    "relevance" : 0.545815,
    "sentiment" : null,
    "text" : "Medications"
  }, {
    "emotion" : null,
    "relevance" : 0.524814,
    "sentiment" : null,
    "text" : "Pregnancy"
  }, {
    "emotion" : null,
    "relevance" : 0.524814,
    "sentiment" : null,
    "text" : "PHONE"
  }, {
    "emotion" : null,
    "relevance" : 0.524814,
    "sentiment" : null,
    "text" : "NAME"
  }, {
    "emotion" : null,
    "relevance" : 0.524814,
    "sentiment" : null,
    "text" : "visits"
  }, {
    "emotion" : null,
    "relevance" : 0.524814,
    "sentiment" : null,
    "text" : "diagram"
  }, {
    "emotion" : null,
    "relevance" : 0.524814,
    "sentiment" : null,
    "text" : "physiotherapy"
  }, {
    "emotion" : null,
    "relevance" : 0.524814,
    "sentiment" : null,
    "text" : "form"
  }, {
    "emotion" : null,
    "relevance" : 0.524814,
    "sentiment" : null,
    "text" : "possibility"
  }, {
    "emotion" : null,
    "relevance" : 0.524814,
    "sentiment" : null,
    "text" : "conditions"
  }, {
    "emotion" : null,
    "relevance" : 0.524814,
    "sentiment" : null,
    "text" : "information"
  }, {
    "emotion" : null,
    "relevance" : 0.524814,
    "sentiment" : null,
    "text" : "knowledge"
  }, {
    "emotion" : null,
    "relevance" : 0.524814,
    "sentiment" : null,
    "text" : "Advertising"
  }, {
    "emotion" : null,
    "relevance" : 0.524814,
    "sentiment" : null,
    "text" : "cell"
  }, {
    "emotion" : null,
    "relevance" : 0.524814,
    "sentiment" : null,
    "text" : "injury"
  }, {
    "emotion" : null,
    "relevance" : 0.524814,
    "sentiment" : null,
    "text" : "clinic"
  }, {
    "emotion" : null,
    "relevance" : 0.524814,
    "sentiment" : null,
    "text" : "Email"
  }, {
    "emotion" : null,
    "relevance" : 0.524814,
    "sentiment" : null,
    "text" : "Signature"
  }, {
    "emotion" : null,
    "relevance" : 0.512415,
    "sentiment" : null,
    "text" : "Date"
  }, {
    "emotion" : null,
    "relevance" : 0.447659,
    "sentiment" : null,
    "text" : "Plastic"
  } ],
  "sourceConnector" : "FileSystem Connector",
  "sourceEnrichment" : "Watson Natural Language Understanding",
  "sourceText" : "\n\t\r Â \nNAME:\t\r Â ________________________________\t\r Â \n\t\r Â \nPHONE\t\r Â (home):\t\r Â \t\r Â \n\t\r Â \n\n_______________________________________\t\r Â \n\t\r Â \nPHONE\t\r Â (work/cell):\t\r Â \t\r Â \n\t\r Â \n\n_______________________________________\t\r Â \n\nDATE\t\r Â OF\t\r Â BIRTH:\t\r Â ________________________\t\r Â \n\t\r Â \n\t\r Â \nFamily\t\r Â Doctor:\t\r Â __________________________\t\r Â \n\t\r Â \nBC\t\r Â Care\t\r Â Card#:\t\r Â __________________________\t\r Â \n\t\r Â \nEmail:\t\r Â _________________________________\t\r Â \n\n\t\r Â \n\nMEDICAL\t\r Â HISTORY:\t\r Â Do\t\r Â any\t\r Â of\t\r Â the\t\r Â following\t\r Â conditions\t\r Â apply?\t\r Â \n\t\r Â \n\n\t\r Â \n\n\t\r Â \n\n\t\r Â \n\n\t\r Â \n\n\t\r Â \n\n\t\r Â \n\n\t\r Â \n\n\t\r Â \n\nIf\t\r Â yes,\t\r Â explain:\t\r Â \n\n_________________________________________\t\r Â  Please\t\r Â circle\t\r Â area(s)\t\r Â of\t\r Â injury\t\r Â on\t\r Â \ndiagram\t\r Â above.\t\r Â \t\r Â \n\n_________________________________________\t\r Â \n\n\t\r Â \n\nHave\t\r Â you\t\r Â received\t\r Â physiotherapy\t\r Â this\t\r Â year?\t\r Â _____\t\r Â \n\nIf\t\r Â yes,\t\r Â how\t\r Â many\t\r Â visits?\t\r Â \t\r Â ________\t\r Â \n\nWhere\t\r Â were\t\r Â you\t\r Â treated?\t\r Â ____________________\t\r Â \n__________________________________________\t\r Â \n\n\t\r Â \n\nHow\t\r Â were\t\r Â you\t\r Â referred\t\r Â to\t\r Â this\t\r Â clinic?\t\r Â \t\r Â \nDoctorâ€™s\t\r Â referral?\t\r Â __________\t\r Â \n\nAdvertising?\t\r Â What\t\r Â form?\t\r Â ____________\t\r Â \n\nOther?\t\r Â ___________________________\t\r Â \n\nThe\t\r Â above\t\r Â information\t\r Â is\t\r Â correct\t\r Â to\t\r Â the\t\r Â best\t\r Â of\t\r Â my\t\r Â knowledge.\t\r Â \n\nSignature:\t\r Â _____________________________________________\t\r Â \n\nDate:\t\r Â _________________________________________________\t\r Â \n\n\t\r Â  YES\t\r Â  NO\t\r Â \n\nHeart\t\r Â problemsâ€¦â€¦â€¦â€¦â€¦â€¦â€¦â€¦â€¦â€¦.\t\r Â  \t\r Â  \t\r Â \n\nPregnancy\t\r Â or\t\r Â possibility\t\r Â ofâ€¦â€¦â€¦â€¦.\t\r Â  \t\r Â  \t\r Â \n\nPlastic\t\r Â or\t\r Â metal\t\r Â replacementsâ€¦â€¦.\t\r Â  \t\r Â  \t\r Â \n\nRecent\t\r Â surgeriesâ€¦â€¦â€¦â€¦â€¦â€¦â€¦â€¦â€¦â€¦\t\r Â  \t\r Â  \t\r Â \n\nMedicationsâ€¦â€¦â€¦â€¦â€¦â€¦â€¦â€¦â€¦â€¦â€¦â€¦.\t\r Â  \t\r Â  \t\r Â \n\nEver\t\r Â treated\t\r Â for\t\r Â cancerâ€¦â€¦â€¦â€¦â€¦â€¦.\t\r Â  \t\r Â  \t\r Â \n\nAny\t\r Â other\t\r Â major\t\r Â health\t\r Â problemsâ€¦\t\r Â  \t\r Â  \t\r Â \n\n\t\r Â \n\n\n"
}