{
  "batchId" : "649d2ac9-9bdb-471b-b5b4-6b7f1c4c8c99",
  "batchTimestamp" : "2018-12-04T18:45:12Z",
  "categories" : [ {
    "label" : "/food and drink/food/fast food",
    "score" : 0.999656
  }, {
    "label" : "/health and fitness/nutrition",
    "score" : 0.736825
  } ],
  "concepts" : [ {
    "dbpediaResource" : "http://dbpedia.org/resource/Nutrition",
    "relevance" : 0.980669,
    "text" : "Nutrition"
  }, {
    "dbpediaResource" : "http://dbpedia.org/resource/Food",
    "relevance" : 0.797109,
    "text" : "Food"
  }, {
    "dbpediaResource" : "http://dbpedia.org/resource/Health",
    "relevance" : 0.757211,
    "text" : "Health"
  }, {
    "dbpediaResource" : "http://dbpedia.org/resource/Cooking",
    "relevance" : 0.639971,
    "text" : "Cooking"
  }, {
    "dbpediaResource" : "http://dbpedia.org/resource/Hamburger",
    "relevance" : 0.539325,
    "text" : "Hamburger"
  }, {
    "dbpediaResource" : "http://dbpedia.org/resource/Fast_food_restaurant",
    "relevance" : 0.526987,
    "text" : "Fast food restaurant"
  }, {
    "dbpediaResource" : "http://dbpedia.org/resource/Microwave_oven",
    "relevance" : 0.494054,
    "text" : "Microwave oven"
  }, {
    "dbpediaResource" : "http://dbpedia.org/resource/Pollution",
    "relevance" : 0.486819,
    "text" : "Pollution"
  }, {
    "dbpediaResource" : "http://dbpedia.org/resource/Eating",
    "relevance" : 0.458902,
    "text" : "Eating"
  }, {
    "dbpediaResource" : "http://dbpedia.org/resource/World",
    "relevance" : 0.446725,
    "text" : "World"
  }, {
    "dbpediaResource" : "http://dbpedia.org/resource/Earth",
    "relevance" : 0.434767,
    "text" : "Earth"
  }, {
    "dbpediaResource" : "http://dbpedia.org/resource/Vegetable",
    "relevance" : 0.431979,
    "text" : "Vegetable"
  }, {
    "dbpediaResource" : "http://dbpedia.org/resource/Water",
    "relevance" : 0.421583,
    "text" : "Water"
  }, {
    "dbpediaResource" : "http://dbpedia.org/resource/Flavor",
    "relevance" : 0.405516,
    "text" : "Flavor"
  }, {
    "dbpediaResource" : "http://dbpedia.org/resource/Take-out",
    "relevance" : 0.397725,
    "text" : "Take-out"
  }, {
    "dbpediaResource" : "http://dbpedia.org/resource/Food_science",
    "relevance" : 0.386998,
    "text" : "Food science"
  }, {
    "dbpediaResource" : "http://dbpedia.org/resource/Meal",
    "relevance" : 0.378584,
    "text" : "Meal"
  }, {
    "dbpediaResource" : "http://dbpedia.org/resource/Burger_King",
    "relevance" : 0.371279,
    "text" : "Burger King"
  }, {
    "dbpediaResource" : "http://dbpedia.org/resource/Home_economics",
    "relevance" : 0.347033,
    "text" : "Home economics"
  }, {
    "dbpediaResource" : "http://dbpedia.org/resource/Global_warming",
    "relevance" : 0.343388,
    "text" : "Global warming"
  }, {
    "dbpediaResource" : "http://dbpedia.org/resource/Culinary_art",
    "relevance" : 0.336188,
    "text" : "Culinary art"
  }, {
    "dbpediaResource" : "http://dbpedia.org/resource/Trans_fat",
    "relevance" : 0.329337,
    "text" : "Trans fat"
  } ],
  "entities" : [ {
    "count" : 1,
    "disambiguation" : null,
    "emotion" : null,
    "mentions" : null,
    "relevance" : 0.285049,
    "sentiment" : null,
    "text" : "Burger Kings",
    "type" : "Person"
  }, {
    "count" : 1,
    "disambiguation" : null,
    "emotion" : null,
    "mentions" : null,
    "relevance" : 0.229942,
    "sentiment" : null,
    "text" : "Jack",
    "type" : "Person"
  }, {
    "count" : 1,
    "disambiguation" : null,
    "emotion" : null,
    "mentions" : null,
    "relevance" : 0.184487,
    "sentiment" : null,
    "text" : "Wendy",
    "type" : "Person"
  } ],
  "fileName" : "Ella Fast Food.docx",
  "keywords" : [ {
    "emotion" : null,
    "relevance" : 0.805573,
    "sentiment" : null,
    "text" : "fast food restaurants"
  }, {
    "emotion" : null,
    "relevance" : 0.679895,
    "sentiment" : null,
    "text" : "much packaging"
  }, {
    "emotion" : null,
    "relevance" : 0.636855,
    "sentiment" : null,
    "text" : "right body nutrition"
  }, {
    "emotion" : null,
    "relevance" : 0.633977,
    "sentiment" : null,
    "text" : "amount of air pollution"
  }, {
    "emotion" : null,
    "relevance" : 0.604572,
    "sentiment" : null,
    "text" : "delightful home"
  }, {
    "emotion" : null,
    "relevance" : 0.598116,
    "sentiment" : null,
    "text" : "fast food garbage"
  }, {
    "emotion" : null,
    "relevance" : 0.597079,
    "sentiment" : null,
    "text" : "nutritious food"
  }, {
    "emotion" : null,
    "relevance" : 0.578757,
    "sentiment" : null,
    "text" : "tremendous amount of people"
  }, {
    "emotion" : null,
    "relevance" : 0.576919,
    "sentiment" : null,
    "text" : "important family communication skills"
  }, {
    "emotion" : null,
    "relevance" : 0.562993,
    "sentiment" : null,
    "text" : "people"
  }, {
    "emotion" : null,
    "relevance" : 0.559231,
    "sentiment" : null,
    "text" : "Burger Kings"
  }, {
    "emotion" : null,
    "relevance" : 0.544077,
    "sentiment" : null,
    "text" : "humansâ€™ life spans"
  }, {
    "emotion" : null,
    "relevance" : 0.540024,
    "sentiment" : null,
    "text" : "Humans"
  }, {
    "emotion" : null,
    "relevance" : 0.534509,
    "sentiment" : null,
    "text" : "A&W"
  }, {
    "emotion" : null,
    "relevance" : 0.533048,
    "sentiment" : null,
    "text" : "good health"
  }, {
    "emotion" : null,
    "relevance" : 0.529183,
    "sentiment" : null,
    "text" : "body"
  }, {
    "emotion" : null,
    "relevance" : 0.525166,
    "sentiment" : null,
    "text" : "meals"
  }, {
    "emotion" : null,
    "relevance" : 0.518763,
    "sentiment" : null,
    "text" : "numbers"
  }, {
    "emotion" : null,
    "relevance" : 0.518258,
    "sentiment" : null,
    "text" : "family"
  }, {
    "emotion" : null,
    "relevance" : 0.516143,
    "sentiment" : null,
    "text" : "earths"
  }, {
    "emotion" : null,
    "relevance" : 0.516113,
    "sentiment" : null,
    "text" : "relationships"
  }, {
    "emotion" : null,
    "relevance" : 0.515821,
    "sentiment" : null,
    "text" : "Wendy"
  }, {
    "emotion" : null,
    "relevance" : 0.515726,
    "sentiment" : null,
    "text" : "animals"
  }, {
    "emotion" : null,
    "relevance" : 0.513608,
    "sentiment" : null,
    "text" : "air"
  }, {
    "emotion" : null,
    "relevance" : 0.512067,
    "sentiment" : null,
    "text" : "Jack"
  }, {
    "emotion" : null,
    "relevance" : 0.511479,
    "sentiment" : null,
    "text" : "world"
  }, {
    "emotion" : null,
    "relevance" : 0.511268,
    "sentiment" : null,
    "text" : "knowledge"
  }, {
    "emotion" : null,
    "relevance" : 0.510343,
    "sentiment" : null,
    "text" : "Boxes"
  }, {
    "emotion" : null,
    "relevance" : 0.508758,
    "sentiment" : null,
    "text" : "leftover food"
  }, {
    "emotion" : null,
    "relevance" : 0.508074,
    "sentiment" : null,
    "text" : "Earth"
  }, {
    "emotion" : null,
    "relevance" : 0.506683,
    "sentiment" : null,
    "text" : "streets"
  }, {
    "emotion" : null,
    "relevance" : 0.506068,
    "sentiment" : null,
    "text" : "KFC"
  }, {
    "emotion" : null,
    "relevance" : 0.506012,
    "sentiment" : null,
    "text" : "lot"
  }, {
    "emotion" : null,
    "relevance" : 0.505798,
    "sentiment" : null,
    "text" : "garbage"
  }, {
    "emotion" : null,
    "relevance" : 0.505121,
    "sentiment" : null,
    "text" : "parks"
  }, {
    "emotion" : null,
    "relevance" : 0.505121,
    "sentiment" : null,
    "text" : "landfills"
  }, {
    "emotion" : null,
    "relevance" : 0.505121,
    "sentiment" : null,
    "text" : "friends"
  }, {
    "emotion" : null,
    "relevance" : 0.504036,
    "sentiment" : null,
    "text" : "bad air pollution"
  }, {
    "emotion" : null,
    "relevance" : 0.503342,
    "sentiment" : null,
    "text" : "street"
  }, {
    "emotion" : null,
    "relevance" : 0.495286,
    "sentiment" : null,
    "text" : "Worst Scenario"
  }, {
    "emotion" : null,
    "relevance" : 0.493831,
    "sentiment" : null,
    "text" : "tremendous landfills"
  }, {
    "emotion" : null,
    "relevance" : 0.493428,
    "sentiment" : null,
    "text" : "Dairy Queens"
  }, {
    "emotion" : null,
    "relevance" : 0.484745,
    "sentiment" : null,
    "text" : "Best Scenario"
  }, {
    "emotion" : null,
    "relevance" : 0.480196,
    "sentiment" : null,
    "text" : "positive place"
  }, {
    "emotion" : null,
    "relevance" : 0.456033,
    "sentiment" : null,
    "text" : "McDonalds"
  } ],
  "sourceConnector" : "FileSystem Connector",
  "sourceEnrichment" : "Watson Natural Language Understanding",
  "sourceText" : "Best Scenario \n\nWorst Scenario\nIf fast food restaurants were lowered down in numbers and not as often used, it would make the world a lot better. It would keep people heathy and active. People would have relationships with people in their family and friends. People would know how to cook when there older and keep up good health. It would decrease the amount of air pollution the goes in the air and the fast food garbage in our landfills. It would make a tremendous amount of people healthier and happier. The world would a much more positive place\n\n\n\n\n\n\nJust imagine if all you could see were McDonalds, Burger Kings, Wendyâ€™s, A&W, Jack in the Boxes, Dairy Queens and KFCâ€™s all down the streets on every street. Humans wouldnâ€™t have the important family communication skills or the knowledge to know how to cook. How much packaging would go into our already tremendous landfills? How much cheap non nutritious food we would put in our body? It would shorten all humansâ€™ life spans. How many animals would eat the garbage and leftover food on the streets and in parks? No one will have those delightful home cooked meals or the right body nutrition they need and how many more fast food restaurants would go up and the earths already bad air pollution? Earth would not be a very positive place.\n"
}