{
  "batchId" : "0c585a0e-4c48-441b-a1f2-c66aa0128ea1",
  "batchTimestamp" : "2018-12-04T01:40:29Z",
  "categories" : [ {
    "label" : "/education/homework and study tips",
    "score" : 0.79139
  }, {
    "label" : "/business and industrial/business operations/management/business process",
    "score" : 0.736776
  }, {
    "label" : "/business and industrial/business software",
    "score" : 0.725983
  } ],
  "concepts" : [ {
    "dbpediaResource" : "http://dbpedia.org/resource/Project_management",
    "relevance" : 0.987387,
    "text" : "Project management"
  }, {
    "dbpediaResource" : "http://dbpedia.org/resource/Management",
    "relevance" : 0.847744,
    "text" : "Management"
  }, {
    "dbpediaResource" : "http://dbpedia.org/resource/Enterprise_content_management",
    "relevance" : 0.753614,
    "text" : "Enterprise content management"
  }, {
    "dbpediaResource" : "http://dbpedia.org/resource/Want",
    "relevance" : 0.639043,
    "text" : "Want"
  }, {
    "dbpediaResource" : "http://dbpedia.org/resource/WANT",
    "relevance" : 0.571312,
    "text" : "WANT"
  }, {
    "dbpediaResource" : "http://dbpedia.org/resource/Business_process_management",
    "relevance" : 0.56139,
    "text" : "Business process management"
  }, {
    "dbpediaResource" : "http://dbpedia.org/resource/Project",
    "relevance" : 0.543598,
    "text" : "Project"
  }, {
    "dbpediaResource" : "http://dbpedia.org/resource/Getting_Things_Done",
    "relevance" : 0.506179,
    "text" : "Getting Things Done"
  }, {
    "dbpediaResource" : "http://dbpedia.org/resource/Like",
    "relevance" : 0.497154,
    "text" : "Like"
  }, {
    "dbpediaResource" : "http://dbpedia.org/resource/Skill",
    "relevance" : 0.496362,
    "text" : "Skill"
  }, {
    "dbpediaResource" : "http://dbpedia.org/resource/Workflow",
    "relevance" : 0.49563,
    "text" : "Workflow"
  }, {
    "dbpediaResource" : "http://dbpedia.org/resource/The_Work_(band)",
    "relevance" : 0.494985,
    "text" : "The Work"
  }, {
    "dbpediaResource" : "http://dbpedia.org/resource/Learning",
    "relevance" : 0.483803,
    "text" : "Learning"
  }, {
    "dbpediaResource" : "http://dbpedia.org/resource/Need",
    "relevance" : 0.481537,
    "text" : "Need"
  } ],
  "entities" : [ {
    "count" : 5,
    "disambiguation" : {
      "dbpediaResource" : null,
      "name" : null,
      "subtype" : [ "City" ]
    },
    "emotion" : null,
    "mentions" : null,
    "relevance" : 0.899559,
    "sentiment" : null,
    "text" : "IER",
    "type" : "Location"
  }, {
    "count" : 1,
    "disambiguation" : null,
    "emotion" : null,
    "mentions" : null,
    "relevance" : 0.43378,
    "sentiment" : null,
    "text" : "Complex Case Manager",
    "type" : "JobTitle"
  }, {
    "count" : 1,
    "disambiguation" : null,
    "emotion" : null,
    "mentions" : null,
    "relevance" : 0.330555,
    "sentiment" : null,
    "text" : "Ben Payne",
    "type" : "Person"
  }, {
    "count" : 1,
    "disambiguation" : null,
    "emotion" : null,
    "mentions" : null,
    "relevance" : 0.3169,
    "sentiment" : null,
    "text" : "project manager",
    "type" : "JobTitle"
  }, {
    "count" : 1,
    "disambiguation" : null,
    "emotion" : null,
    "mentions" : null,
    "relevance" : 0.300053,
    "sentiment" : null,
    "text" : "TransCanada",
    "type" : "Company"
  }, {
    "count" : 1,
    "disambiguation" : null,
    "emotion" : null,
    "mentions" : null,
    "relevance" : 0.278609,
    "sentiment" : null,
    "text" : "Project Management",
    "type" : "JobTitle"
  }, {
    "count" : 1,
    "disambiguation" : null,
    "emotion" : null,
    "mentions" : null,
    "relevance" : 0.261301,
    "sentiment" : null,
    "text" : "Gary",
    "type" : "Person"
  } ],
  "fileName" : "2018 Training Plan - Ben Payne.docx",
  "keywords" : [ {
    "emotion" : null,
    "relevance" : 0.71273,
    "sentiment" : null,
    "text" : "A&W"
  }, {
    "emotion" : null,
    "relevance" : 0.687296,
    "sentiment" : null,
    "text" : "Custom script adapters"
  }, {
    "emotion" : null,
    "relevance" : 0.645695,
    "sentiment" : null,
    "text" : "better understanding"
  }, {
    "emotion" : null,
    "relevance" : 0.644683,
    "sentiment" : null,
    "text" : "Case Manager"
  }, {
    "emotion" : null,
    "relevance" : 0.627771,
    "sentiment" : null,
    "text" : "Complex Case Manager projects"
  }, {
    "emotion" : null,
    "relevance" : 0.623668,
    "sentiment" : null,
    "text" : "A&W script adapters"
  }, {
    "emotion" : null,
    "relevance" : 0.6103,
    "sentiment" : null,
    "text" : "Hyster Yale"
  }, {
    "emotion" : null,
    "relevance" : 0.578326,
    "sentiment" : null,
    "text" : "IER workflows"
  }, {
    "emotion" : null,
    "relevance" : 0.576071,
    "sentiment" : null,
    "text" : "Case Plug-in development"
  }, {
    "emotion" : null,
    "relevance" : 0.567954,
    "sentiment" : null,
    "text" : "Project Management"
  }, {
    "emotion" : null,
    "relevance" : 0.567019,
    "sentiment" : null,
    "text" : "project implementer"
  }, {
    "emotion" : null,
    "relevance" : 0.566615,
    "sentiment" : null,
    "text" : "BPM workflow customization"
  }, {
    "emotion" : null,
    "relevance" : 0.556552,
    "sentiment" : null,
    "text" : "development side"
  }, {
    "emotion" : null,
    "relevance" : 0.551969,
    "sentiment" : null,
    "text" : "basic ICN plug-in coding"
  }, {
    "emotion" : null,
    "relevance" : 0.545482,
    "sentiment" : null,
    "text" : "project manager"
  }, {
    "emotion" : null,
    "relevance" : 0.541612,
    "sentiment" : null,
    "text" : "Custom Dev"
  }, {
    "emotion" : null,
    "relevance" : 0.531156,
    "sentiment" : null,
    "text" : "flavors"
  }, {
    "emotion" : null,
    "relevance" : 0.53007,
    "sentiment" : null,
    "text" : "Technical implementer"
  }, {
    "emotion" : null,
    "relevance" : 0.528302,
    "sentiment" : null,
    "text" : "custom workflow work"
  }, {
    "emotion" : null,
    "relevance" : 0.528283,
    "sentiment" : null,
    "text" : "Cloud skill"
  }, {
    "emotion" : null,
    "relevance" : 0.523992,
    "sentiment" : null,
    "text" : "General areas"
  }, {
    "emotion" : null,
    "relevance" : 0.523056,
    "sentiment" : null,
    "text" : "skills"
  }, {
    "emotion" : null,
    "relevance" : 0.522747,
    "sentiment" : null,
    "text" : "ICN"
  }, {
    "emotion" : null,
    "relevance" : 0.518625,
    "sentiment" : null,
    "text" : "Changes"
  }, {
    "emotion" : null,
    "relevance" : 0.516857,
    "sentiment" : null,
    "text" : "company"
  }, {
    "emotion" : null,
    "relevance" : 0.515016,
    "sentiment" : null,
    "text" : "Hyland"
  }, {
    "emotion" : null,
    "relevance" : 0.51314,
    "sentiment" : null,
    "text" : "plans"
  }, {
    "emotion" : null,
    "relevance" : 0.51292,
    "sentiment" : null,
    "text" : "scope"
  }, {
    "emotion" : null,
    "relevance" : 0.511594,
    "sentiment" : null,
    "text" : "Role"
  }, {
    "emotion" : null,
    "relevance" : 0.511373,
    "sentiment" : null,
    "text" : "fact"
  }, {
    "emotion" : null,
    "relevance" : 0.511312,
    "sentiment" : null,
    "text" : "Case"
  }, {
    "emotion" : null,
    "relevance" : 0.509959,
    "sentiment" : null,
    "text" : "Lotus Notes"
  }, {
    "emotion" : null,
    "relevance" : 0.50954,
    "sentiment" : null,
    "text" : "SOW"
  }, {
    "emotion" : null,
    "relevance" : 0.509295,
    "sentiment" : null,
    "text" : "bit"
  }, {
    "emotion" : null,
    "relevance" : 0.50892,
    "sentiment" : null,
    "text" : "Automation"
  }, {
    "emotion" : null,
    "relevance" : 0.508611,
    "sentiment" : null,
    "text" : "disposition"
  }, {
    "emotion" : null,
    "relevance" : 0.507974,
    "sentiment" : null,
    "text" : "challenge"
  }, {
    "emotion" : null,
    "relevance" : 0.507102,
    "sentiment" : null,
    "text" : "functionality"
  }, {
    "emotion" : null,
    "relevance" : 0.506872,
    "sentiment" : null,
    "text" : "BPM"
  }, {
    "emotion" : null,
    "relevance" : 0.505952,
    "sentiment" : null,
    "text" : "requirements"
  }, {
    "emotion" : null,
    "relevance" : 0.505585,
    "sentiment" : null,
    "text" : "basics"
  }, {
    "emotion" : null,
    "relevance" : 0.505378,
    "sentiment" : null,
    "text" : "project"
  }, {
    "emotion" : null,
    "relevance" : 0.504638,
    "sentiment" : null,
    "text" : "ECM"
  }, {
    "emotion" : null,
    "relevance" : 0.504495,
    "sentiment" : null,
    "text" : "PM"
  }, {
    "emotion" : null,
    "relevance" : 0.504428,
    "sentiment" : null,
    "text" : "Analysis"
  }, {
    "emotion" : null,
    "relevance" : 0.504289,
    "sentiment" : null,
    "text" : "customer"
  }, {
    "emotion" : null,
    "relevance" : 0.50384,
    "sentiment" : null,
    "text" : "technologies"
  }, {
    "emotion" : null,
    "relevance" : 0.503825,
    "sentiment" : null,
    "text" : "session"
  }, {
    "emotion" : null,
    "relevance" : 0.503619,
    "sentiment" : null,
    "text" : "solution"
  }, {
    "emotion" : null,
    "relevance" : 0.50349,
    "sentiment" : null,
    "text" : "frequency"
  } ],
  "sourceConnector" : "FileSystem Connector",
  "sourceEnrichment" : "Watson Natural Language Understanding",
  "sourceText" : "1:1 training plans for 2018\n\nBen Payne\nDecember 8, 2017\n\nGeneral areas they worked on last year\nÂ· Hyster Yale â€“ IER and IER workflows / Technical\nÂ· TransCanada â€“ IER workflows / Lotus Notes and General Migration work\nÂ· A&W â€“ Case Manager / BPM workflow customization / Custom script adapters (coding)\nWhat they liked (or perhaps didnâ€™t)\nÂ· Likes custom workflow work\nÂ· Complex Case Manager projects can be frustrating (but also rewarding) â€“ tool limitations\nÂ· Liked writing the A&W script adapters / likes the coding aspects\nÂ· IER liked the work he did. But was more development side. Would like to know a bit more about disposition what the functionality is done in IER\nWhat are areas to work on next?  (two flavors, what company may need, what they would like to do)\nTechnical â€“ Case?  BPM?  RPA?  â€¦\n1. Hyland â€“ interested in something new in ECM other than FileNet. Would like to take on the enablement for being a project implementer\n2. Automation Anywhere â€“ add it into his skillset. Wants to get a better understanding of what it does and how it is used before committing to becoming a specialist\n3. Scripting / Custom Dev / ICN and Case Plug-in development â€“ would like to improve scripting skills and possibly learn the skillset to implement basic ICN plug-in coding\n4. Cloud skill â€“ basics to understand technologies used\n\n\tRole â€“ Analysis, PM, â€¦\n1. Technical implementer â€“ likes this role and wants to stay in it\n2. Project Management â€“ improve skills, especially around scope but doesnâ€™t want to be a project manager\n\n\tPersonal â€“ consulting skills, communication\n1. See PM stuff above\n2. Would like to attend requirements gathering session when we run one\n\nWhatâ€™s working/Whatâ€™s not?\nA&W has been a challenge â€“ scope control around project. SOW was vague, and the solution is big. Changes after the fact are becoming harder and more complex.\n\nIts been better with Gary as SDM, but seems like heâ€™s been getting busy. Someone to talk to and offers to call customer which is big help.\n\nLiked this 1:1 planning, would like to make frequency at least 2x a year.\n\n"
}