{
  "batchId" : "0c585a0e-4c48-441b-a1f2-c66aa0128ea1",
  "batchTimestamp" : "2018-12-04T01:40:28Z",
  "categories" : [ {
    "label" : "/business and industrial/business software",
    "score" : 0.671086
  }, {
    "label" : "/business and industrial/business operations/management/business process",
    "score" : 0.664509
  }, {
    "label" : "/technology and computing/software/databases",
    "score" : 0.655019
  } ],
  "concepts" : [ {
    "dbpediaResource" : "http://dbpedia.org/resource/Management",
    "relevance" : 0.927718,
    "text" : "Management"
  }, {
    "dbpediaResource" : "http://dbpedia.org/resource/Aristotle",
    "relevance" : 0.683265,
    "text" : "Aristotle"
  }, {
    "dbpediaResource" : "http://dbpedia.org/resource/Project_management",
    "relevance" : 0.649081,
    "text" : "Project management"
  }, {
    "dbpediaResource" : "http://dbpedia.org/resource/Like",
    "relevance" : 0.64259,
    "text" : "Like"
  }, {
    "dbpediaResource" : "http://dbpedia.org/resource/C++",
    "relevance" : 0.634982,
    "text" : "C++"
  }, {
    "dbpediaResource" : "http://dbpedia.org/resource/Plug-in_(computing)",
    "relevance" : 0.615952,
    "text" : "Plug-in"
  }, {
    "dbpediaResource" : "http://dbpedia.org/resource/Cloud_computing",
    "relevance" : 0.608918,
    "text" : "Cloud computing"
  }, {
    "dbpediaResource" : "http://dbpedia.org/resource/Software_project_management",
    "relevance" : 0.591124,
    "text" : "Software project management"
  }, {
    "dbpediaResource" : "http://dbpedia.org/resource/Definition",
    "relevance" : 0.586085,
    "text" : "Definition"
  }, {
    "dbpediaResource" : "http://dbpedia.org/resource/Eclipse_(software)",
    "relevance" : 0.581832,
    "text" : "Eclipse"
  } ],
  "entities" : [ {
    "count" : 2,
    "disambiguation" : null,
    "emotion" : null,
    "mentions" : null,
    "relevance" : 0.916338,
    "sentiment" : null,
    "text" : "TransCanada",
    "type" : "Company"
  }, {
    "count" : 1,
    "disambiguation" : null,
    "emotion" : null,
    "mentions" : null,
    "relevance" : 0.84479,
    "sentiment" : null,
    "text" : "Cloud Development and Architecture",
    "type" : "JobTitle"
  }, {
    "count" : 1,
    "disambiguation" : null,
    "emotion" : null,
    "mentions" : null,
    "relevance" : 0.782088,
    "sentiment" : null,
    "text" : "Case Manager EDS",
    "type" : "JobTitle"
  }, {
    "count" : 1,
    "disambiguation" : null,
    "emotion" : null,
    "mentions" : null,
    "relevance" : 0.686,
    "sentiment" : null,
    "text" : "Case Manager",
    "type" : "JobTitle"
  }, {
    "count" : 1,
    "disambiguation" : null,
    "emotion" : null,
    "mentions" : null,
    "relevance" : 0.678306,
    "sentiment" : null,
    "text" : "Scott Hargreaves",
    "type" : "Person"
  }, {
    "count" : 1,
    "disambiguation" : null,
    "emotion" : null,
    "mentions" : null,
    "relevance" : 0.611131,
    "sentiment" : null,
    "text" : "WADA",
    "type" : "Organization"
  }, {
    "count" : 1,
    "disambiguation" : null,
    "emotion" : null,
    "mentions" : null,
    "relevance" : 0.588575,
    "sentiment" : null,
    "text" : "Design and Engineering â€“ Lead",
    "type" : "JobTitle"
  }, {
    "count" : 1,
    "disambiguation" : {
      "dbpediaResource" : null,
      "name" : null,
      "subtype" : [ "City" ]
    },
    "emotion" : null,
    "mentions" : null,
    "relevance" : 0.559612,
    "sentiment" : null,
    "text" : "Bluemix",
    "type" : "Location"
  }, {
    "count" : 1,
    "disambiguation" : null,
    "emotion" : null,
    "mentions" : null,
    "relevance" : 0.55478,
    "sentiment" : null,
    "text" : "Marcos",
    "type" : "Person"
  } ],
  "fileName" : "2018 Training Plan - Scott Hargreaves.docx",
  "keywords" : [ {
    "emotion" : null,
    "relevance" : 0.881431,
    "sentiment" : null,
    "text" : "Lots of new stuff"
  }, {
    "emotion" : null,
    "relevance" : 0.795617,
    "sentiment" : null,
    "text" : "TRex cloud development"
  }, {
    "emotion" : null,
    "relevance" : 0.692338,
    "sentiment" : null,
    "text" : "new people"
  }, {
    "emotion" : null,
    "relevance" : 0.678301,
    "sentiment" : null,
    "text" : "Lead role"
  }, {
    "emotion" : null,
    "relevance" : 0.648016,
    "sentiment" : null,
    "text" : "lots of new energy"
  }, {
    "emotion" : null,
    "relevance" : 0.613481,
    "sentiment" : null,
    "text" : "Lead Definition of Development Program"
  }, {
    "emotion" : null,
    "relevance" : 0.585772,
    "sentiment" : null,
    "text" : "Project Development Templates"
  }, {
    "emotion" : null,
    "relevance" : 0.58045,
    "sentiment" : null,
    "text" : "Cloud Development"
  }, {
    "emotion" : null,
    "relevance" : 0.577427,
    "sentiment" : null,
    "text" : "code repository"
  }, {
    "emotion" : null,
    "relevance" : 0.563473,
    "sentiment" : null,
    "text" : "Case Manager plug-ins"
  }, {
    "emotion" : null,
    "relevance" : 0.562145,
    "sentiment" : null,
    "text" : "formal training"
  }, {
    "emotion" : null,
    "relevance" : 0.556259,
    "sentiment" : null,
    "text" : "General areas"
  }, {
    "emotion" : null,
    "relevance" : 0.555352,
    "sentiment" : null,
    "text" : "Development environments"
  }, {
    "emotion" : null,
    "relevance" : 0.553749,
    "sentiment" : null,
    "text" : "IER plugins"
  }, {
    "emotion" : null,
    "relevance" : 0.553196,
    "sentiment" : null,
    "text" : "Scrum certification"
  }, {
    "emotion" : null,
    "relevance" : 0.552989,
    "sentiment" : null,
    "text" : "A&W"
  }, {
    "emotion" : null,
    "relevance" : 0.544967,
    "sentiment" : null,
    "text" : "Design"
  }, {
    "emotion" : null,
    "relevance" : 0.537073,
    "sentiment" : null,
    "text" : "RKO Project Implementation Template"
  }, {
    "emotion" : null,
    "relevance" : 0.531811,
    "sentiment" : null,
    "text" : "development"
  }, {
    "emotion" : null,
    "relevance" : 0.528338,
    "sentiment" : null,
    "text" : "code review policy template"
  }, {
    "emotion" : null,
    "relevance" : 0.526402,
    "sentiment" : null,
    "text" : "flavors"
  }, {
    "emotion" : null,
    "relevance" : 0.525468,
    "sentiment" : null,
    "text" : "Better development HW"
  }, {
    "emotion" : null,
    "relevance" : 0.524745,
    "sentiment" : null,
    "text" : "Engineering"
  }, {
    "emotion" : null,
    "relevance" : 0.521855,
    "sentiment" : null,
    "text" : "Case Manager EDS"
  }, {
    "emotion" : null,
    "relevance" : 0.51428,
    "sentiment" : null,
    "text" : "company"
  }, {
    "emotion" : null,
    "relevance" : 0.513884,
    "sentiment" : null,
    "text" : "DEV"
  }, {
    "emotion" : null,
    "relevance" : 0.513078,
    "sentiment" : null,
    "text" : "home machine"
  }, {
    "emotion" : null,
    "relevance" : 0.512261,
    "sentiment" : null,
    "text" : "Role"
  }, {
    "emotion" : null,
    "relevance" : 0.512113,
    "sentiment" : null,
    "text" : "Infrastructure"
  }, {
    "emotion" : null,
    "relevance" : 0.511865,
    "sentiment" : null,
    "text" : "plans"
  }, {
    "emotion" : null,
    "relevance" : 0.511209,
    "sentiment" : null,
    "text" : "Developers"
  }, {
    "emotion" : null,
    "relevance" : 0.510491,
    "sentiment" : null,
    "text" : "widgets"
  }, {
    "emotion" : null,
    "relevance" : 0.509645,
    "sentiment" : null,
    "text" : "assistance"
  }, {
    "emotion" : null,
    "relevance" : 0.508324,
    "sentiment" : null,
    "text" : "help"
  }, {
    "emotion" : null,
    "relevance" : 0.507897,
    "sentiment" : null,
    "text" : "Architecture"
  }, {
    "emotion" : null,
    "relevance" : 0.507516,
    "sentiment" : null,
    "text" : "Marcos"
  }, {
    "emotion" : null,
    "relevance" : 0.507473,
    "sentiment" : null,
    "text" : "WADA"
  }, {
    "emotion" : null,
    "relevance" : 0.507473,
    "sentiment" : null,
    "text" : "Scott"
  }, {
    "emotion" : null,
    "relevance" : 0.506268,
    "sentiment" : null,
    "text" : "areas"
  }, {
    "emotion" : null,
    "relevance" : 0.505938,
    "sentiment" : null,
    "text" : "options"
  }, {
    "emotion" : null,
    "relevance" : 0.505819,
    "sentiment" : null,
    "text" : "TRex"
  }, {
    "emotion" : null,
    "relevance" : 0.505756,
    "sentiment" : null,
    "text" : "Analysis"
  }, {
    "emotion" : null,
    "relevance" : 0.50557,
    "sentiment" : null,
    "text" : "EDS"
  }, {
    "emotion" : null,
    "relevance" : 0.505563,
    "sentiment" : null,
    "text" : "Case"
  }, {
    "emotion" : null,
    "relevance" : 0.505184,
    "sentiment" : null,
    "text" : "skills"
  }, {
    "emotion" : null,
    "relevance" : 0.504898,
    "sentiment" : null,
    "text" : "pilot"
  }, {
    "emotion" : null,
    "relevance" : 0.504898,
    "sentiment" : null,
    "text" : "tracts"
  }, {
    "emotion" : null,
    "relevance" : 0.504469,
    "sentiment" : null,
    "text" : "frequency"
  }, {
    "emotion" : null,
    "relevance" : 0.504039,
    "sentiment" : null,
    "text" : "December"
  }, {
    "emotion" : null,
    "relevance" : 0.504039,
    "sentiment" : null,
    "text" : "screen"
  } ],
  "sourceConnector" : "FileSystem Connector",
  "sourceEnrichment" : "Watson Natural Language Understanding",
  "sourceText" : "1:1 training plans for 2018\n\nScott Hargreaves\nDecember 11, 2017\n\nGeneral areas they worked on last year\nÂ· TransCanada â€“ IER plugins (physical records)\nÂ· TransCanada â€“ TRex (on premise loading, metadata updates, validations)\nÂ· A&W â€“ Case Manager plug-ins/widgets, Case Manager EDS for Lotus Notes\nÂ· TRex cloud development â€“ moving TRex to Bluemix\nÂ· Apria â€“ coding assistance for Marcos â€“ ICN plugin for searching\nÂ· Quadreal â€“ Generalized EDS with fake database for pilot/demos\nÂ· WADA â€“ i2 integration\nÂ· Hyster â€“ IER plugin/customized add screen\nWhat they liked (or perhaps didnâ€™t)\nÂ· Nothing that he didnâ€™t like\nÂ· Likes working on development\nWhat are areas to work on next?  (two flavors, what company may need, what they would like to do)\nTechnical â€“ Case?  BPM?  RPA?  â€¦\n1. Cloud Development and Architecture â€“ is there some formal training?\n2. Scrum certification (look into options and tracts available)\n\n\tRole â€“ Analysis, PM, â€¦\n1. Design and Engineering â€“ Lead role (help define what that is)\n2. Lead Definition of Development Program â€“ e.g. Project Development Templates, Infrastructure (code repository), formal checking/code review policy template\n3. Represent Developers in RKO Project Implementation Template â€“ and help define where DEV integrates in\n\n\tPersonal â€“ consulting skills, communication\n1. TBD - nothing\n\nWhatâ€™s working/Whatâ€™s not?\nLots of new stuff and new people â€“ lots of new energy is good to see\n\nDevelopment environments â€“ DEV environments on home machine connecting to RKO machines can be slow\nÂ· Better development HW for office?\n\nLiked this 1:1 planning, would like to make frequency at least 2x a year.\n"
}