{
  "batchId" : "a376a758-7b82-41ed-9f75-83673359ed75",
  "batchTimestamp" : "2018-12-03T23:55:56Z",
  "categories" : [ {
    "label" : "/health and fitness/weight loss",
    "score" : 0.97384
  }, {
    "label" : "/health and fitness/disease/diabetes",
    "score" : 0.8397
  }, {
    "label" : "/health and fitness/disease/heart disease",
    "score" : 0.767395
  } ],
  "concepts" : [ {
    "dbpediaResource" : "http://dbpedia.org/resource/Obesity",
    "relevance" : 0.986947,
    "text" : "Obesity"
  }, {
    "dbpediaResource" : "http://dbpedia.org/resource/Diabetes_mellitus",
    "relevance" : 0.805863,
    "text" : "Diabetes mellitus"
  }, {
    "dbpediaResource" : "http://dbpedia.org/resource/Medicine",
    "relevance" : 0.703497,
    "text" : "Medicine"
  }, {
    "dbpediaResource" : "http://dbpedia.org/resource/Nutrition",
    "relevance" : 0.676619,
    "text" : "Nutrition"
  }, {
    "dbpediaResource" : "http://dbpedia.org/resource/Surgery",
    "relevance" : 0.628211,
    "text" : "Surgery"
  }, {
    "dbpediaResource" : "http://dbpedia.org/resource/Diabetes_mellitus_type_2",
    "relevance" : 0.617127,
    "text" : "Diabetes mellitus type 2"
  }, {
    "dbpediaResource" : "http://dbpedia.org/resource/Weight_loss",
    "relevance" : 0.608825,
    "text" : "Weight loss"
  }, {
    "dbpediaResource" : "http://dbpedia.org/resource/Cancer",
    "relevance" : 0.5589,
    "text" : "Cancer"
  }, {
    "dbpediaResource" : "http://dbpedia.org/resource/Hypertension",
    "relevance" : 0.556318,
    "text" : "Hypertension"
  } ],
  "entities" : [ {
    "count" : 3,
    "disambiguation" : null,
    "emotion" : null,
    "mentions" : null,
    "relevance" : 0.872696,
    "sentiment" : null,
    "text" : "Thelma Anderson",
    "type" : "Person"
  }, {
    "count" : 1,
    "disambiguation" : null,
    "emotion" : null,
    "mentions" : null,
    "relevance" : 0.485158,
    "sentiment" : null,
    "text" : "Surgical Weight Management",
    "type" : "JobTitle"
  }, {
    "count" : 1,
    "disambiguation" : {
      "dbpediaResource" : "http://dbpedia.org/resource/Obesity",
      "name" : "Obesity",
      "subtype" : [ "DiseaseOrMedicalCondition", "DiseaseCause", "RiskFactor", "Symptom" ]
    },
    "emotion" : null,
    "mentions" : null,
    "relevance" : 0.373116,
    "sentiment" : null,
    "text" : "morbid obesity",
    "type" : "HealthCondition"
  }, {
    "count" : 1,
    "disambiguation" : {
      "dbpediaResource" : "http://dbpedia.org/resource/John_Doe_(musician)",
      "name" : "John Doe (musician)",
      "subtype" : [ "MusicalArtist", "MusicalGroupMember", "RecordProducer", "FilmActor", "TVActor" ]
    },
    "emotion" : null,
    "mentions" : null,
    "relevance" : 0.27891,
    "sentiment" : null,
    "text" : "Dr. John Doe",
    "type" : "Person"
  }, {
    "count" : 3,
    "disambiguation" : null,
    "emotion" : null,
    "mentions" : null,
    "relevance" : 0.200204,
    "sentiment" : null,
    "text" : "3 years",
    "type" : "Quantity"
  }, {
    "count" : 1,
    "disambiguation" : null,
    "emotion" : null,
    "mentions" : null,
    "relevance" : 0.200204,
    "sentiment" : null,
    "text" : "5 years",
    "type" : "Quantity"
  } ],
  "fileName" : "Referral Letter - Thelma Anderson.pdf",
  "keywords" : [ {
    "emotion" : null,
    "relevance" : 0.780015,
    "sentiment" : null,
    "text" : "result of this persistent morbid obesity"
  }, {
    "emotion" : null,
    "relevance" : 0.775651,
    "sentiment" : null,
    "text" : "Thelma Anderson Letter of Medical Necessity"
  }, {
    "emotion" : null,
    "relevance" : 0.688768,
    "sentiment" : null,
    "text" : "weight control diets"
  }, {
    "emotion" : null,
    "relevance" : 0.631323,
    "sentiment" : null,
    "text" : "Diabetes Mellitus"
  }, {
    "emotion" : null,
    "relevance" : 0.629208,
    "sentiment" : null,
    "text" : "weight loss"
  }, {
    "emotion" : null,
    "relevance" : 0.608837,
    "sentiment" : null,
    "text" : "co-morbid conditions"
  }, {
    "emotion" : null,
    "relevance" : 0.598932,
    "sentiment" : null,
    "text" : "Thelma Anderson"
  }, {
    "emotion" : null,
    "relevance" : 0.592337,
    "sentiment" : null,
    "text" : "Thelma Anderson â€™s primary care physician"
  }, {
    "emotion" : null,
    "relevance" : 0.581285,
    "sentiment" : null,
    "text" : "Dear Dr. John Doe"
  }, {
    "emotion" : null,
    "relevance" : 0.56092,
    "sentiment" : null,
    "text" : "long-term benefits"
  }, {
    "emotion" : null,
    "relevance" : 0.555105,
    "sentiment" : null,
    "text" : "programs"
  }, {
    "emotion" : null,
    "relevance" : 0.517492,
    "sentiment" : null,
    "text" : "Hypertension"
  }, {
    "emotion" : null,
    "relevance" : 0.516654,
    "sentiment" : null,
    "text" : "weight"
  }, {
    "emotion" : null,
    "relevance" : 0.516354,
    "sentiment" : null,
    "text" : "years Norvasc"
  }, {
    "emotion" : null,
    "relevance" : 0.516046,
    "sentiment" : null,
    "text" : "Obesity"
  }, {
    "emotion" : null,
    "relevance" : 0.515971,
    "sentiment" : null,
    "text" : "Duration"
  }, {
    "emotion" : null,
    "relevance" : 0.512693,
    "sentiment" : null,
    "text" : "evaluation"
  }, {
    "emotion" : null,
    "relevance" : 0.512574,
    "sentiment" : null,
    "text" : "conditions"
  }, {
    "emotion" : null,
    "relevance" : 0.512175,
    "sentiment" : null,
    "text" : "Depression"
  }, {
    "emotion" : null,
    "relevance" : 0.51047,
    "sentiment" : null,
    "text" : "consideration"
  }, {
    "emotion" : null,
    "relevance" : 0.508635,
    "sentiment" : null,
    "text" : "Medication"
  }, {
    "emotion" : null,
    "relevance" : 0.508635,
    "sentiment" : null,
    "text" : "surgery"
  }, {
    "emotion" : null,
    "relevance" : 0.508635,
    "sentiment" : null,
    "text" : "None"
  }, {
    "emotion" : null,
    "relevance" : 0.492511,
    "sentiment" : null,
    "text" : "only option"
  }, {
    "emotion" : null,
    "relevance" : 0.469607,
    "sentiment" : null,
    "text" : "quality of life"
  }, {
    "emotion" : null,
    "relevance" : 0.467955,
    "sentiment" : null,
    "text" : "years Glucophage"
  }, {
    "emotion" : null,
    "relevance" : 0.456441,
    "sentiment" : null,
    "text" : "years Prozac"
  }, {
    "emotion" : null,
    "relevance" : 0.415228,
    "sentiment" : null,
    "text" : "patient"
  }, {
    "emotion" : null,
    "relevance" : 0.414849,
    "sentiment" : null,
    "text" : "bridgesaz"
  }, {
    "emotion" : null,
    "relevance" : 0.41129,
    "sentiment" : null,
    "text" : "Tenormin"
  } ],
  "sourceConnector" : "FileSystem Connector",
  "sourceEnrichment" : "Watson Natural Language Understanding",
  "sourceText" : "\n1-800-248-5553 I bridgesaz.com\n\nCenter for Surgical Weight Management\n\nReferral Letter\n\nJune 23, 2016\n\nRe: Thelma Anderson Letter of Medical Necessity\n\nDear Dr. John Doe\nI am referring Thelma Anderson for evaluation and consideration for Physical\ntherapy management\n\nI have been Thelma Anderson â€™s primary care physician for the past 3 years.\nI have supervised several of her/his weight control diets and programs. None of these\nhave resulted in any sustained weight loss. As a result of this persistent morbid obesity,\nher/his co-morbid conditions are becoming more difficult to manage. These co-morbid\nconditions are as follows:\n\nDuration: Medication:\n1. Hypertension 3 years Norvasc/Tenormin\n2. Diabetes Mellitus 5 years Glucophage\n3. Obesity Related Depression 3 years Prozac\n\nLosing weight will certainly make these conditions easier to manage. Since non-surgical\nprograms have failed to provide any long-term benefits for the patient, I feel surgery is\nher/his only option.\n\nI anticipate that this will provide her/him with a significantly improved quality of life.\n\nSincerely,\n\n\n"
}