{
  "batchId" : "649d2ac9-9bdb-471b-b5b4-6b7f1c4c8c99",
  "batchTimestamp" : "2018-12-04T18:45:09Z",
  "categories" : [ {
    "label" : "/real estate/buying and selling homes",
    "score" : 0.658686
  }, {
    "label" : "/business and industrial/logistics/air freight",
    "score" : 0.589948
  }, {
    "label" : "/finance/financial news",
    "score" : 0.576822
  } ],
  "concepts" : [ {
    "dbpediaResource" : "http://dbpedia.org/resource/Canada",
    "relevance" : 0.93815,
    "text" : "Canada"
  }, {
    "dbpediaResource" : "http://dbpedia.org/resource/British_Columbia",
    "relevance" : 0.854879,
    "text" : "British Columbia"
  }, {
    "dbpediaResource" : "http://dbpedia.org/resource/Provinces_and_territories_of_Canada",
    "relevance" : 0.78777,
    "text" : "Provinces and territories of Canada"
  }, {
    "dbpediaResource" : "http://dbpedia.org/resource/1928",
    "relevance" : 0.746966,
    "text" : "1928"
  }, {
    "dbpediaResource" : "http://dbpedia.org/resource/1913",
    "relevance" : 0.725776,
    "text" : "1913"
  }, {
    "dbpediaResource" : "http://dbpedia.org/resource/1920",
    "relevance" : 0.723512,
    "text" : "1920"
  }, {
    "dbpediaResource" : "http://dbpedia.org/resource/1911",
    "relevance" : 0.722325,
    "text" : "1911"
  }, {
    "dbpediaResource" : "http://dbpedia.org/resource/1916",
    "relevance" : 0.720766,
    "text" : "1916"
  }, {
    "dbpediaResource" : "http://dbpedia.org/resource/1966",
    "relevance" : 0.717627,
    "text" : "1966"
  }, {
    "dbpediaResource" : "http://dbpedia.org/resource/1926",
    "relevance" : 0.706122,
    "text" : "1926"
  }, {
    "dbpediaResource" : "http://dbpedia.org/resource/1930",
    "relevance" : 0.697134,
    "text" : "1930"
  }, {
    "dbpediaResource" : "http://dbpedia.org/resource/1942",
    "relevance" : 0.692887,
    "text" : "1942"
  }, {
    "dbpediaResource" : "http://dbpedia.org/resource/1932",
    "relevance" : 0.69058,
    "text" : "1932"
  }, {
    "dbpediaResource" : "http://dbpedia.org/resource/1925",
    "relevance" : 0.685754,
    "text" : "1925"
  }, {
    "dbpediaResource" : "http://dbpedia.org/resource/1919",
    "relevance" : 0.672599,
    "text" : "1919"
  }, {
    "dbpediaResource" : "http://dbpedia.org/resource/1904",
    "relevance" : 0.65916,
    "text" : "1904"
  }, {
    "dbpediaResource" : "http://dbpedia.org/resource/British_Columbia_general_election,_1928",
    "relevance" : 0.65832,
    "text" : "British Columbia general election, 1928"
  }, {
    "dbpediaResource" : "http://dbpedia.org/resource/1937",
    "relevance" : 0.65642,
    "text" : "1937"
  }, {
    "dbpediaResource" : "http://dbpedia.org/resource/England",
    "relevance" : 0.652707,
    "text" : "England"
  } ],
  "entities" : [ {
    "count" : 2,
    "disambiguation" : null,
    "emotion" : null,
    "mentions" : null,
    "relevance" : 0.975895,
    "sentiment" : null,
    "text" : "Darren Peloso",
    "type" : "Person"
  }, {
    "count" : 1,
    "disambiguation" : null,
    "emotion" : null,
    "mentions" : null,
    "relevance" : 0.547231,
    "sentiment" : null,
    "text" : "Livraison par Fedex",
    "type" : "Company"
  }, {
    "count" : 2,
    "disambiguation" : null,
    "emotion" : null,
    "mentions" : null,
    "relevance" : 0.526857,
    "sentiment" : null,
    "text" : "Nelson",
    "type" : "Person"
  }, {
    "count" : 2,
    "disambiguation" : {
      "dbpediaResource" : "http://dbpedia.org/resource/Canada",
      "name" : "Canada",
      "subtype" : [ "GovernmentalJurisdiction", "Kingdom", "AwardDiscipline", "FilmScreeningVenue", "Country" ]
    },
    "emotion" : null,
    "mentions" : null,
    "relevance" : 0.465171,
    "sentiment" : null,
    "text" : "Canada",
    "type" : "Location"
  }, {
    "count" : 2,
    "disambiguation" : null,
    "emotion" : null,
    "mentions" : null,
    "relevance" : 0.465171,
    "sentiment" : null,
    "text" : "$194.00",
    "type" : "Quantity"
  }, {
    "count" : 1,
    "disambiguation" : null,
    "emotion" : null,
    "mentions" : null,
    "relevance" : 0.465171,
    "sentiment" : null,
    "text" : "$194.00 1",
    "type" : "Quantity"
  }, {
    "count" : 1,
    "disambiguation" : null,
    "emotion" : null,
    "mentions" : null,
    "relevance" : 0.465171,
    "sentiment" : null,
    "text" : "$219.40",
    "type" : "Quantity"
  }, {
    "count" : 1,
    "disambiguation" : null,
    "emotion" : null,
    "mentions" : null,
    "relevance" : 0.465171,
    "sentiment" : null,
    "text" : "$10.45",
    "type" : "Quantity"
  }, {
    "count" : 1,
    "disambiguation" : null,
    "emotion" : null,
    "mentions" : null,
    "relevance" : 0.465171,
    "sentiment" : null,
    "text" : "$14.95",
    "type" : "Quantity"
  } ],
  "fileName" : "CryoCuff_order_20721.pdf",
  "keywords" : [ {
    "emotion" : null,
    "relevance" : 0.754143,
    "sentiment" : null,
    "text" : "British Columbia V1L1M"
  }, {
    "emotion" : null,
    "relevance" : 0.644414,
    "sentiment" : null,
    "text" : "Credit Card"
  }, {
    "emotion" : null,
    "relevance" : 0.629309,
    "sentiment" : null,
    "text" : "Cuff Knee"
  }, {
    "emotion" : null,
    "relevance" : 0.600827,
    "sentiment" : null,
    "text" : "Name"
  }, {
    "emotion" : null,
    "relevance" : 0.579808,
    "sentiment" : null,
    "text" : "Billing Information"
  }, {
    "emotion" : null,
    "relevance" : 0.563092,
    "sentiment" : null,
    "text" : "method"
  }, {
    "emotion" : null,
    "relevance" : 0.548023,
    "sentiment" : null,
    "text" : "Address"
  }, {
    "emotion" : null,
    "relevance" : 0.53762,
    "sentiment" : null,
    "text" : "Order total"
  }, {
    "emotion" : null,
    "relevance" : 0.536607,
    "sentiment" : null,
    "text" : "Shipping"
  }, {
    "emotion" : null,
    "relevance" : 0.532655,
    "sentiment" : null,
    "text" : "Fedex"
  }, {
    "emotion" : null,
    "relevance" : 0.518265,
    "sentiment" : null,
    "text" : "Tax"
  }, {
    "emotion" : null,
    "relevance" : 0.518265,
    "sentiment" : null,
    "text" : "Product"
  }, {
    "emotion" : null,
    "relevance" : 0.518265,
    "sentiment" : null,
    "text" : "Canada"
  }, {
    "emotion" : null,
    "relevance" : 0.510688,
    "sentiment" : null,
    "text" : "Order"
  }, {
    "emotion" : null,
    "relevance" : 0.509135,
    "sentiment" : null,
    "text" : "Information"
  }, {
    "emotion" : null,
    "relevance" : 0.447675,
    "sentiment" : null,
    "text" : "Friday"
  }, {
    "emotion" : null,
    "relevance" : 0.440007,
    "sentiment" : null,
    "text" : "total"
  }, {
    "emotion" : null,
    "relevance" : 0.440007,
    "sentiment" : null,
    "text" : "May"
  } ],
  "sourceConnector" : "FileSystem Connector",
  "sourceEnrichment" : "Watson Natural Language Understanding",
  "sourceText" : "\n \nProduct(s)\n\n \n\n \nSub-total: $194.00\n\nShipping: $14.95\nTax: $10.45\n\nOrder total: $219.40\n\nOrder# 20721\nhttp://www.orthocanada.com\nDate: Friday, May 08, 2015\n\nBilling Information:\n   Name: Darren Peloso\n   Phone: 2503544040\n   Address: 2000 Creek Street\n   Nelson, British Columbia V1L1M7\n   Canada\n\n   Payment method: Credit Card\n\nShipping Information:\n   Name: Darren Peloso\n   Phone: 2503544040\n   Address: 2000 Creek Street\n   Nelson, British Columbia V1L1M7\n   Canada\n\n   Shipping method: Shipping by Fedex - Livraison par Fedex\n\nName SKU Price Qty Total\n\nAircast Cryo/Cuff Knee with IC Cooler\nOptions: Medium\n\nOC-4750-IC $194.00 1 $194.00\n\n\n\n\n"
}