{
  "batchId" : "2164db20-9036-44f9-8166-4f8659db7f75",
  "batchTimestamp" : "2018-12-04T00:06:48Z",
  "categories" : [ {
    "label" : "/business and industrial/business software",
    "score" : 0.990933
  }, {
    "label" : "/technology and computing/operating systems",
    "score" : 0.87466
  }, {
    "label" : "/business and industrial/business operations/management/business process",
    "score" : 0.873189
  } ],
  "concepts" : [ {
    "dbpediaResource" : "http://dbpedia.org/resource/Work_in_progress",
    "relevance" : 0.915897,
    "text" : "Work in progress"
  } ],
  "entities" : [ {
    "count" : 4,
    "disambiguation" : {
      "dbpediaResource" : "http://dbpedia.org/resource/RKO_Pictures",
      "name" : "RKO Pictures",
      "subtype" : [ "Company", "FilmDistributor", "ProductionCompany", "AwardNominee", "AwardWinner" ]
    },
    "emotion" : null,
    "mentions" : null,
    "relevance" : 0.914578,
    "sentiment" : null,
    "text" : "RKO",
    "type" : "Organization"
  }, {
    "count" : 2,
    "disambiguation" : {
      "dbpediaResource" : "http://dbpedia.org/resource/RKO_Pictures",
      "name" : "RKO Pictures",
      "subtype" : [ "FilmDistributor", "ProductionCompany", "AwardNominee", "AwardWinner" ]
    },
    "emotion" : null,
    "mentions" : null,
    "relevance" : 0.772247,
    "sentiment" : null,
    "text" : "RKO",
    "type" : "Company"
  }, {
    "count" : 1,
    "disambiguation" : null,
    "emotion" : null,
    "mentions" : null,
    "relevance" : 0.758368,
    "sentiment" : null,
    "text" : "RKO Solutions",
    "type" : "Company"
  }, {
    "count" : 5,
    "disambiguation" : {
      "dbpediaResource" : "http://dbpedia.org/resource/IBM",
      "name" : "IBM",
      "subtype" : [ "SoftwareLicense", "OperatingSystemDeveloper", "ProcessorManufacturer", "SoftwareDeveloper", "CompanyFounder", "ProgrammingLanguageDesigner", "ProgrammingLanguageDeveloper" ]
    },
    "emotion" : null,
    "mentions" : null,
    "relevance" : 0.746613,
    "sentiment" : null,
    "text" : "IBM",
    "type" : "Company"
  }, {
    "count" : 1,
    "disambiguation" : null,
    "emotion" : null,
    "mentions" : null,
    "relevance" : 0.516686,
    "sentiment" : null,
    "text" : "ECM Solutions",
    "type" : "Company"
  }, {
    "count" : 4,
    "disambiguation" : null,
    "emotion" : null,
    "mentions" : null,
    "relevance" : 0.509942,
    "sentiment" : null,
    "text" : "Darren",
    "type" : "Person"
  }, {
    "count" : 2,
    "disambiguation" : null,
    "emotion" : null,
    "mentions" : null,
    "relevance" : 0.433244,
    "sentiment" : null,
    "text" : "Kenny",
    "type" : "Person"
  }, {
    "count" : 3,
    "disambiguation" : null,
    "emotion" : null,
    "mentions" : null,
    "relevance" : 0.40417,
    "sentiment" : null,
    "text" : "Randy",
    "type" : "Person"
  }, {
    "count" : 1,
    "disambiguation" : null,
    "emotion" : null,
    "mentions" : null,
    "relevance" : 0.39735,
    "sentiment" : null,
    "text" : "Product Development",
    "type" : "JobTitle"
  }, {
    "count" : 1,
    "disambiguation" : null,
    "emotion" : null,
    "mentions" : null,
    "relevance" : 0.367815,
    "sentiment" : null,
    "text" : "IBM Partners",
    "type" : "Company"
  }, {
    "count" : 2,
    "disambiguation" : null,
    "emotion" : null,
    "mentions" : null,
    "relevance" : 0.362784,
    "sentiment" : null,
    "text" : "Intellego",
    "type" : "Person"
  }, {
    "count" : 2,
    "disambiguation" : null,
    "emotion" : null,
    "mentions" : null,
    "relevance" : 0.342691,
    "sentiment" : null,
    "text" : "professional services",
    "type" : "JobTitle"
  }, {
    "count" : 1,
    "disambiguation" : null,
    "emotion" : null,
    "mentions" : null,
    "relevance" : 0.326238,
    "sentiment" : null,
    "text" : "Intellego",
    "type" : "Company"
  }, {
    "count" : 1,
    "disambiguation" : null,
    "emotion" : null,
    "mentions" : null,
    "relevance" : 0.3179,
    "sentiment" : null,
    "text" : "GM",
    "type" : "JobTitle"
  }, {
    "count" : 1,
    "disambiguation" : null,
    "emotion" : null,
    "mentions" : null,
    "relevance" : 0.314706,
    "sentiment" : null,
    "text" : "Western Canada",
    "type" : "Company"
  }, {
    "count" : 1,
    "disambiguation" : null,
    "emotion" : null,
    "mentions" : null,
    "relevance" : 0.303914,
    "sentiment" : null,
    "text" : "Scientist",
    "type" : "JobTitle"
  }, {
    "count" : 1,
    "disambiguation" : null,
    "emotion" : null,
    "mentions" : null,
    "relevance" : 0.301632,
    "sentiment" : null,
    "text" : "Scott",
    "type" : "Person"
  }, {
    "count" : 1,
    "disambiguation" : null,
    "emotion" : null,
    "mentions" : null,
    "relevance" : 0.301632,
    "sentiment" : null,
    "text" : "$2 million",
    "type" : "Quantity"
  }, {
    "count" : 1,
    "disambiguation" : null,
    "emotion" : null,
    "mentions" : null,
    "relevance" : 0.301632,
    "sentiment" : null,
    "text" : "$5million",
    "type" : "Quantity"
  }, {
    "count" : 1,
    "disambiguation" : null,
    "emotion" : null,
    "mentions" : null,
    "relevance" : 0.301632,
    "sentiment" : null,
    "text" : "25%",
    "type" : "Quantity"
  }, {
    "count" : 1,
    "disambiguation" : null,
    "emotion" : null,
    "mentions" : null,
    "relevance" : 0.301632,
    "sentiment" : null,
    "text" : "75%",
    "type" : "Quantity"
  } ],
  "fileName" : "QCM - FY2017 Ext. PRO.pptx",
  "keywords" : [ {
    "emotion" : null,
    "relevance" : 0.729724,
    "sentiment" : null,
    "text" : "RKO Solutions"
  }, {
    "emotion" : null,
    "relevance" : 0.61693,
    "sentiment" : null,
    "text" : "IBM software"
  }, {
    "emotion" : null,
    "relevance" : 0.610571,
    "sentiment" : null,
    "text" : "Largest array"
  }, {
    "emotion" : null,
    "relevance" : 0.604999,
    "sentiment" : null,
    "text" : "Packaged ECM Solutions"
  }, {
    "emotion" : null,
    "relevance" : 0.585856,
    "sentiment" : null,
    "text" : "Western Canada"
  }, {
    "emotion" : null,
    "relevance" : 0.584404,
    "sentiment" : null,
    "text" : "line of business"
  }, {
    "emotion" : null,
    "relevance" : 0.576563,
    "sentiment" : null,
    "text" : "IBM Cloud"
  }, {
    "emotion" : null,
    "relevance" : 0.572982,
    "sentiment" : null,
    "text" : "RKOâ€™s IP"
  }, {
    "emotion" : null,
    "relevance" : 0.570913,
    "sentiment" : null,
    "text" : "ECM Solutions"
  }, {
    "emotion" : null,
    "relevance" : 0.560224,
    "sentiment" : null,
    "text" : "Data Scientist"
  }, {
    "emotion" : null,
    "relevance" : 0.555865,
    "sentiment" : null,
    "text" : "Darren"
  }, {
    "emotion" : null,
    "relevance" : 0.551342,
    "sentiment" : null,
    "text" : "specific business problem"
  }, {
    "emotion" : null,
    "relevance" : 0.548404,
    "sentiment" : null,
    "text" : "worldwide network of IBM Cloud"
  }, {
    "emotion" : null,
    "relevance" : 0.548001,
    "sentiment" : null,
    "text" : "company growth"
  }, {
    "emotion" : null,
    "relevance" : 0.547746,
    "sentiment" : null,
    "text" : "Testing Application Error"
  }, {
    "emotion" : null,
    "relevance" : 0.54375,
    "sentiment" : null,
    "text" : "Slower progress"
  }, {
    "emotion" : null,
    "relevance" : 0.538755,
    "sentiment" : null,
    "text" : "professional services"
  }, {
    "emotion" : null,
    "relevance" : 0.531511,
    "sentiment" : null,
    "text" : "vision"
  }, {
    "emotion" : null,
    "relevance" : 0.52836,
    "sentiment" : null,
    "text" : "strong overall management team"
  }, {
    "emotion" : null,
    "relevance" : 0.524349,
    "sentiment" : null,
    "text" : "solutions"
  }, {
    "emotion" : null,
    "relevance" : 0.524121,
    "sentiment" : null,
    "text" : "ECM"
  }, {
    "emotion" : null,
    "relevance" : 0.518861,
    "sentiment" : null,
    "text" : "session"
  }, {
    "emotion" : null,
    "relevance" : 0.51861,
    "sentiment" : null,
    "text" : "financial dreams"
  }, {
    "emotion" : null,
    "relevance" : 0.515746,
    "sentiment" : null,
    "text" : "outstanding features requests"
  }, {
    "emotion" : null,
    "relevance" : 0.515676,
    "sentiment" : null,
    "text" : "user interfaces"
  }, {
    "emotion" : null,
    "relevance" : 0.515496,
    "sentiment" : null,
    "text" : "Randy"
  }, {
    "emotion" : null,
    "relevance" : 0.51493,
    "sentiment" : null,
    "text" : "growth opportunities"
  }, {
    "emotion" : null,
    "relevance" : 0.514894,
    "sentiment" : null,
    "text" : "people of RKO"
  }, {
    "emotion" : null,
    "relevance" : 0.514634,
    "sentiment" : null,
    "text" : "support"
  }, {
    "emotion" : null,
    "relevance" : 0.513818,
    "sentiment" : null,
    "text" : "annual GM"
  }, {
    "emotion" : null,
    "relevance" : 0.513468,
    "sentiment" : null,
    "text" : "Intellego product"
  }, {
    "emotion" : null,
    "relevance" : 0.513278,
    "sentiment" : null,
    "text" : "dedicated development"
  }, {
    "emotion" : null,
    "relevance" : 0.512951,
    "sentiment" : null,
    "text" : "technologies"
  }, {
    "emotion" : null,
    "relevance" : 0.511775,
    "sentiment" : null,
    "text" : "wording"
  }, {
    "emotion" : null,
    "relevance" : 0.511761,
    "sentiment" : null,
    "text" : "document"
  }, {
    "emotion" : null,
    "relevance" : 0.511181,
    "sentiment" : null,
    "text" : "Progress"
  }, {
    "emotion" : null,
    "relevance" : 0.510928,
    "sentiment" : null,
    "text" : "intent"
  }, {
    "emotion" : null,
    "relevance" : 0.509746,
    "sentiment" : null,
    "text" : "solution"
  }, {
    "emotion" : null,
    "relevance" : 0.509614,
    "sentiment" : null,
    "text" : "IBM Partners"
  }, {
    "emotion" : null,
    "relevance" : 0.509465,
    "sentiment" : null,
    "text" : "IBM"
  }, {
    "emotion" : null,
    "relevance" : 0.509451,
    "sentiment" : null,
    "text" : "Unauthorized reproduction"
  }, {
    "emotion" : null,
    "relevance" : 0.509321,
    "sentiment" : null,
    "text" : "management"
  }, {
    "emotion" : null,
    "relevance" : 0.509175,
    "sentiment" : null,
    "text" : "marketing"
  }, {
    "emotion" : null,
    "relevance" : 0.509131,
    "sentiment" : null,
    "text" : "array"
  }, {
    "emotion" : null,
    "relevance" : 0.508934,
    "sentiment" : null,
    "text" : "RKO"
  }, {
    "emotion" : null,
    "relevance" : 0.508597,
    "sentiment" : null,
    "text" : "ECM tools"
  }, {
    "emotion" : null,
    "relevance" : 0.508216,
    "sentiment" : null,
    "text" : "Copyright"
  }, {
    "emotion" : null,
    "relevance" : 0.50701,
    "sentiment" : null,
    "text" : "business"
  }, {
    "emotion" : null,
    "relevance" : 0.506746,
    "sentiment" : null,
    "text" : "levels"
  }, {
    "emotion" : null,
    "relevance" : 0.505854,
    "sentiment" : null,
    "text" : "sales"
  } ],
  "sourceConnector" : "FileSystem Connector",
  "sourceEnrichment" : "Watson Natural Language Understanding",
  "sourceText" : "Exciting Announcement\n\nProduct Development\n \nThis document is confidential and may be privileged or otherwise protected from disclosure and may contain proprietary information. Unauthorized reproduction or disclosure of this information in whole or in part is prohibited. Copyright Â© RKO Solutions.\n\nECM for the NEW Enterprise\n\nThe vision established in 2013 is largely unchanged but the wording has been simplified and updated to show our intent to sell and deliver our solutions worldwide as they are built and become available over time.\n\nWhile the messaging has been shortened and simplified, there is much more behind the words:\nPackaged ECM Solutions â€“ Made with IBM software, hosted in the IBM Cloud and enhanced with RKOâ€™s IP, Packaged ECM Solutions are line of business focused and solve a specific business problem using ECM tools and technologies.  The solution includes pre-designed repositories, processes, integrations, reporting and user interfaces.  The technologies are preconfigured, and rapidly deployed with 75% of the solution already intact.  The remaining 25% is delivered efficiently with professional services and delivery templates.\nLargest array â€“ to achieve the company growth and financial dreams, one or a few ECM solutions are not going to be enough.  Many IBM partners similar to RKO have tried with one or two, and very few ever find themselves breaking the $5million GP mark.  Each of our Packaged Solutions must attain annual GM of $2 million, this will support dedicated development, marketing, sales, services, support and management for each, all the while generating healthy profit for RKO as a whole.  Multiply this by an array of 10 to 20 solutions and we have a business that is achieving levels to support a strong overall management team, growth opportunities for the people of RKO and IP that increases the valuation of RKO for its Shareholders (the people and leadership).\nWorldwide â€“ Western Canada is too small, and causes our thinking to be too small and narrowâ€¦as a company in 2016, we need to think bigger and capitalize on opportunities beyond our borders.  This is all possible through the worldwide network of IBM Cloud, IBM Sellers and IBM Partners.\n\n1\n\nDocuflow\n\nStatus:\nComplete: O365 Connector\nComplete:  SharePoint On Premise (2013/2016) Connector\nIn Progress: Content Server\nIssues:\nPerformance â€“ Kenny currently optimizing\nTesting Application Error â€“ Seems to be SAP configuration related, currently in Gregâ€™s queue\n\nCreating Value from Content\n\n\n2\n\nTRex\n\nStatus:\nComplete: Core Engine Beta\nIn Progress: Full P8 Connector (Scott)\nStarting Soon: Solr/Elasticsearch Connector (Kenny)\nIssues:\nSlower progress than expected â€“ GUI is consuming more efforts than expected\nData Scientist â€“ Have to filled role as of yet\n\nCreating Value from Content\n\n\n3\n\nTRex â€“ Development Queue\n\n\n\nCreating Value from Content\n\n\n4\n\nTRex â€“ Budget and Burn\n\n\nCreating Value from Content\n\n\n5\n\nIntellego\n\nStatus:\nDarren working with Randy to collect outstanding features requests\nRandy to deliver to Darren by 10/25/2018\nDarren to formalize for review by 10/26/2018\nAfter reviewing feature requests, RKO marketing to determine steps forward for Intellego product\nContinue development?\nAdd new features?\nDarren to have session with Randy on a vision of how Intellego can be leveraged along with the TRex platform to provide solutions to customers\n\nCreating Value from Content\n\n\n6\n\n"
}