{
  "batchId" : "649d2ac9-9bdb-471b-b5b4-6b7f1c4c8c99",
  "batchTimestamp" : "2018-12-04T18:45:14Z",
  "categories" : [ {
    "label" : "/business and industrial/business software",
    "score" : 0.944731
  }, {
    "label" : "/technology and computing/enterprise technology",
    "score" : 0.898158
  }, {
    "label" : "/business and industrial/business operations/management/business process",
    "score" : 0.875191
  } ],
  "concepts" : [ {
    "dbpediaResource" : "http://dbpedia.org/resource/Enterprise_content_management",
    "relevance" : 0.962385,
    "text" : "Enterprise content management"
  }, {
    "dbpediaResource" : "http://dbpedia.org/resource/Records_management",
    "relevance" : 0.648981,
    "text" : "Records management"
  }, {
    "dbpediaResource" : "http://dbpedia.org/resource/Management",
    "relevance" : 0.599547,
    "text" : "Management"
  }, {
    "dbpediaResource" : "http://dbpedia.org/resource/Business_process_management",
    "relevance" : 0.582293,
    "text" : "Business process management"
  }, {
    "dbpediaResource" : "http://dbpedia.org/resource/Information_technology_management",
    "relevance" : 0.549319,
    "text" : "Information technology management"
  }, {
    "dbpediaResource" : "http://dbpedia.org/resource/FileNet",
    "relevance" : 0.474703,
    "text" : "FileNet"
  }, {
    "dbpediaResource" : "http://dbpedia.org/resource/Vancouver",
    "relevance" : 0.441648,
    "text" : "Vancouver"
  }, {
    "dbpediaResource" : "http://dbpedia.org/resource/British_Columbia",
    "relevance" : 0.437458,
    "text" : "British Columbia"
  }, {
    "dbpediaResource" : "http://dbpedia.org/resource/Content_management_system",
    "relevance" : 0.421988,
    "text" : "Content management system"
  }, {
    "dbpediaResource" : "http://dbpedia.org/resource/Workflow",
    "relevance" : 0.406783,
    "text" : "Workflow"
  }, {
    "dbpediaResource" : "http://dbpedia.org/resource/2009",
    "relevance" : 0.379496,
    "text" : "2009"
  }, {
    "dbpediaResource" : "http://dbpedia.org/resource/Business_process_modeling",
    "relevance" : 0.371306,
    "text" : "Business process modeling"
  }, {
    "dbpediaResource" : "http://dbpedia.org/resource/Process_management",
    "relevance" : 0.350418,
    "text" : "Process management"
  }, {
    "dbpediaResource" : "http://dbpedia.org/resource/Enterprise_architecture",
    "relevance" : 0.336722,
    "text" : "Enterprise architecture"
  }, {
    "dbpediaResource" : "http://dbpedia.org/resource/Information",
    "relevance" : 0.324622,
    "text" : "Information"
  }, {
    "dbpediaResource" : "http://dbpedia.org/resource/Content_management",
    "relevance" : 0.321547,
    "text" : "Content management"
  }, {
    "dbpediaResource" : "http://dbpedia.org/resource/Data_management",
    "relevance" : 0.31688,
    "text" : "Data management"
  }, {
    "dbpediaResource" : "http://dbpedia.org/resource/Design",
    "relevance" : 0.315613,
    "text" : "Design"
  }, {
    "dbpediaResource" : "http://dbpedia.org/resource/BC_Hydro",
    "relevance" : 0.31494,
    "text" : "BC Hydro"
  }, {
    "dbpediaResource" : "http://dbpedia.org/resource/Business_process",
    "relevance" : 0.306811,
    "text" : "Business process"
  }, {
    "dbpediaResource" : "http://dbpedia.org/resource/Accounts_payable",
    "relevance" : 0.299569,
    "text" : "Accounts payable"
  }, {
    "dbpediaResource" : "http://dbpedia.org/resource/Architect",
    "relevance" : 0.291682,
    "text" : "Architect"
  }, {
    "dbpediaResource" : "http://dbpedia.org/resource/Project",
    "relevance" : 0.284425,
    "text" : "Project"
  }, {
    "dbpediaResource" : "http://dbpedia.org/resource/Project_management",
    "relevance" : 0.263232,
    "text" : "Project management"
  } ],
  "entities" : [ {
    "count" : 47,
    "disambiguation" : null,
    "emotion" : null,
    "mentions" : null,
    "relevance" : 0.877714,
    "sentiment" : null,
    "text" : "Darren Peloso",
    "type" : "Person"
  }, {
    "count" : 8,
    "disambiguation" : null,
    "emotion" : null,
    "mentions" : null,
    "relevance" : 0.5563,
    "sentiment" : null,
    "text" : "RKO Business Solutions Inc.",
    "type" : "Company"
  }, {
    "count" : 24,
    "disambiguation" : {
      "dbpediaResource" : "http://dbpedia.org/resource/Vancouver",
      "name" : "Vancouver",
      "subtype" : [ "PoliticalDistrict", "GovernmentalJurisdiction", "OlympicBiddingCity", "OlympicHostCity", "PlaceWithNeighborhoods", "City" ]
    },
    "emotion" : null,
    "mentions" : null,
    "relevance" : 0.525188,
    "sentiment" : null,
    "text" : "Vancouver",
    "type" : "Location"
  }, {
    "count" : 11,
    "disambiguation" : {
      "dbpediaResource" : "http://dbpedia.org/resource/RKO_Pictures",
      "name" : "RKO Pictures",
      "subtype" : [ "FilmDistributor", "ProductionCompany", "AwardNominee", "AwardWinner" ]
    },
    "emotion" : null,
    "mentions" : null,
    "relevance" : 0.471435,
    "sentiment" : null,
    "text" : "RKO",
    "type" : "Company"
  }, {
    "count" : 10,
    "disambiguation" : {
      "dbpediaResource" : null,
      "name" : null,
      "subtype" : [ "Country" ]
    },
    "emotion" : null,
    "mentions" : null,
    "relevance" : 0.419126,
    "sentiment" : null,
    "text" : "BC",
    "type" : "Location"
  }, {
    "count" : 21,
    "disambiguation" : {
      "dbpediaResource" : "http://dbpedia.org/resource/IBM",
      "name" : "IBM",
      "subtype" : [ "SoftwareLicense", "OperatingSystemDeveloper", "ProcessorManufacturer", "SoftwareDeveloper", "CompanyFounder", "ProgrammingLanguageDesigner", "ProgrammingLanguageDeveloper" ]
    },
    "emotion" : null,
    "mentions" : null,
    "relevance" : 0.410867,
    "sentiment" : null,
    "text" : "IBM",
    "type" : "Company"
  }, {
    "count" : 11,
    "disambiguation" : {
      "dbpediaResource" : "http://dbpedia.org/resource/Canada",
      "name" : "Canada",
      "subtype" : [ "GovernmentalJurisdiction", "Kingdom", "AwardDiscipline", "FilmScreeningVenue", "Country" ]
    },
    "emotion" : null,
    "mentions" : null,
    "relevance" : 0.389239,
    "sentiment" : null,
    "text" : "Canada",
    "type" : "Location"
  }, {
    "count" : 5,
    "disambiguation" : null,
    "emotion" : null,
    "mentions" : null,
    "relevance" : 0.387377,
    "sentiment" : null,
    "text" : "Records Management",
    "type" : "Company"
  }, {
    "count" : 8,
    "disambiguation" : {
      "dbpediaResource" : "http://dbpedia.org/resource/BC_Hydro",
      "name" : "BC Hydro",
      "subtype" : [ ]
    },
    "emotion" : null,
    "mentions" : null,
    "relevance" : 0.37223,
    "sentiment" : null,
    "text" : "BC Hydro",
    "type" : "Company"
  }, {
    "count" : 5,
    "disambiguation" : {
      "dbpediaResource" : "http://dbpedia.org/resource/RKO_Pictures",
      "name" : "RKO Pictures",
      "subtype" : [ "Company", "FilmDistributor", "ProductionCompany", "AwardNominee", "AwardWinner" ]
    },
    "emotion" : null,
    "mentions" : null,
    "relevance" : 0.360507,
    "sentiment" : null,
    "text" : "RKO",
    "type" : "Organization"
  }, {
    "count" : 3,
    "disambiguation" : {
      "dbpediaResource" : "http://dbpedia.org/resource/ECM_Records",
      "name" : "ECM Records",
      "subtype" : [ ]
    },
    "emotion" : null,
    "mentions" : null,
    "relevance" : 0.353289,
    "sentiment" : null,
    "text" : "ECM",
    "type" : "Company"
  }, {
    "count" : 1,
    "disambiguation" : null,
    "emotion" : null,
    "mentions" : null,
    "relevance" : 0.334944,
    "sentiment" : null,
    "text" : "RKO Business Solution",
    "type" : "JobTitle"
  }, {
    "count" : 2,
    "disambiguation" : null,
    "emotion" : null,
    "mentions" : null,
    "relevance" : 0.320556,
    "sentiment" : null,
    "text" : "RKO Business Solutions Inc",
    "type" : "Company"
  }, {
    "count" : 6,
    "disambiguation" : {
      "dbpediaResource" : "http://dbpedia.org/resource/Calgary",
      "name" : "Calgary",
      "subtype" : [ "School", "City" ]
    },
    "emotion" : null,
    "mentions" : null,
    "relevance" : 0.299266,
    "sentiment" : null,
    "text" : "Calgary",
    "type" : "Location"
  }, {
    "count" : 4,
    "disambiguation" : null,
    "emotion" : null,
    "mentions" : null,
    "relevance" : 0.28018,
    "sentiment" : null,
    "text" : "Content Manager",
    "type" : "JobTitle"
  }, {
    "count" : 2,
    "disambiguation" : null,
    "emotion" : null,
    "mentions" : null,
    "relevance" : 0.27549,
    "sentiment" : null,
    "text" : "Electronic Records Management",
    "type" : "JobTitle"
  }, {
    "count" : 1,
    "disambiguation" : null,
    "emotion" : null,
    "mentions" : null,
    "relevance" : 0.270121,
    "sentiment" : null,
    "text" : "Content Manager and Records Manager",
    "type" : "JobTitle"
  }, {
    "count" : 2,
    "disambiguation" : null,
    "emotion" : null,
    "mentions" : null,
    "relevance" : 0.262492,
    "sentiment" : null,
    "text" : "Email Management",
    "type" : "JobTitle"
  }, {
    "count" : 1,
    "disambiguation" : null,
    "emotion" : null,
    "mentions" : null,
    "relevance" : 0.252425,
    "sentiment" : null,
    "text" : "IBM Enterprise Records",
    "type" : "Company"
  }, {
    "count" : 2,
    "disambiguation" : null,
    "emotion" : null,
    "mentions" : null,
    "relevance" : 0.243194,
    "sentiment" : null,
    "text" : "FileNet",
    "type" : "Person"
  }, {
    "count" : 1,
    "disambiguation" : null,
    "emotion" : null,
    "mentions" : null,
    "relevance" : 0.238267,
    "sentiment" : null,
    "text" : "Email Manager solution",
    "type" : "JobTitle"
  }, {
    "count" : 3,
    "disambiguation" : {
      "dbpediaResource" : "http://dbpedia.org/resource/Edmonton",
      "name" : "Edmonton",
      "subtype" : [ "GovernmentalJurisdiction", "PlaceWithNeighborhoods", "City" ]
    },
    "emotion" : null,
    "mentions" : null,
    "relevance" : 0.233666,
    "sentiment" : null,
    "text" : "Edmonton",
    "type" : "Location"
  }, {
    "count" : 1,
    "disambiguation" : null,
    "emotion" : null,
    "mentions" : null,
    "relevance" : 0.233411,
    "sentiment" : null,
    "text" : "Records Management Information Architecture",
    "type" : "JobTitle"
  }, {
    "count" : 1,
    "disambiguation" : null,
    "emotion" : null,
    "mentions" : null,
    "relevance" : 0.23028,
    "sentiment" : null,
    "text" : "Email Manager and Records",
    "type" : "JobTitle"
  }, {
    "count" : 1,
    "disambiguation" : null,
    "emotion" : null,
    "mentions" : null,
    "relevance" : 0.229059,
    "sentiment" : null,
    "text" : "Information Technology Specialist ECM Platform",
    "type" : "JobTitle"
  }, {
    "count" : 1,
    "disambiguation" : null,
    "emotion" : null,
    "mentions" : null,
    "relevance" : 0.227036,
    "sentiment" : null,
    "text" : "Electronic Records Management Software",
    "type" : "JobTitle"
  }, {
    "count" : 1,
    "disambiguation" : null,
    "emotion" : null,
    "mentions" : null,
    "relevance" : 0.226509,
    "sentiment" : null,
    "text" : "ECM Compliance specialist",
    "type" : "JobTitle"
  }, {
    "count" : 1,
    "disambiguation" : {
      "dbpediaResource" : "http://dbpedia.org/resource/Federal_Aviation_Administration_Records_Center",
      "name" : "Federal Aviation Administration Records Center",
      "subtype" : [ "Location", "Building" ]
    },
    "emotion" : null,
    "mentions" : null,
    "relevance" : 0.222162,
    "sentiment" : null,
    "text" : "Records Center",
    "type" : "Facility"
  }, {
    "count" : 3,
    "disambiguation" : null,
    "emotion" : null,
    "mentions" : null,
    "relevance" : 0.218324,
    "sentiment" : null,
    "text" : "Email Manager",
    "type" : "JobTitle"
  }, {
    "count" : 3,
    "disambiguation" : {
      "dbpediaResource" : "http://dbpedia.org/resource/Regions_Financial_Corporation",
      "name" : "Regions Financial Corporation",
      "subtype" : [ ]
    },
    "emotion" : null,
    "mentions" : null,
    "relevance" : 0.216056,
    "sentiment" : null,
    "text" : "Regions Bank",
    "type" : "Company"
  }, {
    "count" : 2,
    "disambiguation" : {
      "dbpediaResource" : "http://dbpedia.org/resource/International_Paper",
      "name" : "International Paper",
      "subtype" : [ ]
    },
    "emotion" : null,
    "mentions" : null,
    "relevance" : 0.213726,
    "sentiment" : null,
    "text" : "International Paper",
    "type" : "Company"
  }, {
    "count" : 1,
    "disambiguation" : null,
    "emotion" : null,
    "mentions" : null,
    "relevance" : 0.211853,
    "sentiment" : null,
    "text" : "BC Hydro Information Architecture",
    "type" : "Company"
  }, {
    "count" : 2,
    "disambiguation" : {
      "dbpediaResource" : "http://dbpedia.org/resource/Winnipeg",
      "name" : "Winnipeg",
      "subtype" : [ "GovernmentalJurisdiction", "City" ]
    },
    "emotion" : null,
    "mentions" : null,
    "relevance" : 0.209085,
    "sentiment" : null,
    "text" : "Winnipeg",
    "type" : "Location"
  }, {
    "count" : 3,
    "disambiguation" : {
      "dbpediaResource" : "http://dbpedia.org/resource/Alabama",
      "name" : "Alabama",
      "subtype" : [ "PoliticalDistrict", "AdministrativeDivision", "GovernmentalJurisdiction", "USState", "StateOrCounty" ]
    },
    "emotion" : null,
    "mentions" : null,
    "relevance" : 0.20425,
    "sentiment" : null,
    "text" : "Alabama",
    "type" : "Location"
  }, {
    "count" : 2,
    "disambiguation" : {
      "dbpediaResource" : "http://dbpedia.org/resource/Terasen_Gas",
      "name" : "Terasen Gas",
      "subtype" : [ ]
    },
    "emotion" : null,
    "mentions" : null,
    "relevance" : 0.203211,
    "sentiment" : null,
    "text" : "Terasen Gas",
    "type" : "Company"
  }, {
    "count" : 1,
    "disambiguation" : null,
    "emotion" : null,
    "mentions" : null,
    "relevance" : 0.203138,
    "sentiment" : null,
    "text" : "FileNet Corporation",
    "type" : "Company"
  }, {
    "count" : 2,
    "disambiguation" : {
      "dbpediaResource" : "http://dbpedia.org/resource/Microsoft",
      "name" : "Microsoft",
      "subtype" : [ "OperatingSystemDeveloper", "ProcessorManufacturer", "SoftwareDeveloper", "VentureFundedCompany", "VideoGameDeveloper", "VideoGamePublisher", "ProgrammingLanguageDesigner" ]
    },
    "emotion" : null,
    "mentions" : null,
    "relevance" : 0.203101,
    "sentiment" : null,
    "text" : "MS",
    "type" : "Company"
  }, {
    "count" : 4,
    "disambiguation" : null,
    "emotion" : null,
    "mentions" : null,
    "relevance" : 0.199603,
    "sentiment" : null,
    "text" : "SAP",
    "type" : "Company"
  }, {
    "count" : 1,
    "disambiguation" : null,
    "emotion" : null,
    "mentions" : null,
    "relevance" : 0.19594,
    "sentiment" : null,
    "text" : "Email Manager pilot project",
    "type" : "JobTitle"
  }, {
    "count" : 1,
    "disambiguation" : null,
    "emotion" : null,
    "mentions" : null,
    "relevance" : 0.195831,
    "sentiment" : null,
    "text" : "Email Management and Archiving Training",
    "type" : "JobTitle"
  }, {
    "count" : 2,
    "disambiguation" : {
      "dbpediaResource" : "http://dbpedia.org/resource/Zurich",
      "name" : "Zurich",
      "subtype" : [ "City" ]
    },
    "emotion" : null,
    "mentions" : null,
    "relevance" : 0.195011,
    "sentiment" : null,
    "text" : "Zurich",
    "type" : "Location"
  }, {
    "count" : 1,
    "disambiguation" : {
      "dbpediaResource" : "http://dbpedia.org/resource/The_Great-West_Life_Assurance_Company",
      "name" : "The Great-West Life Assurance Company",
      "subtype" : [ "Company" ]
    },
    "emotion" : null,
    "mentions" : null,
    "relevance" : 0.192269,
    "sentiment" : null,
    "text" : "Great West Life",
    "type" : "Organization"
  }, {
    "count" : 1,
    "disambiguation" : null,
    "emotion" : null,
    "mentions" : null,
    "relevance" : 0.188765,
    "sentiment" : null,
    "text" : "IBM Enterprise",
    "type" : "Company"
  }, {
    "count" : 2,
    "disambiguation" : {
      "dbpediaResource" : "http://dbpedia.org/resource/United_Kingdom",
      "name" : "United Kingdom",
      "subtype" : [ "AdministrativeDivision", "GovernmentalJurisdiction", "Kingdom", "MeteorologicalService", "Country" ]
    },
    "emotion" : null,
    "mentions" : null,
    "relevance" : 0.188573,
    "sentiment" : null,
    "text" : "UK",
    "type" : "Location"
  }, {
    "count" : 1,
    "disambiguation" : {
      "dbpediaResource" : "http://dbpedia.org/resource/TC_PipeLines",
      "name" : "TC PipeLines",
      "subtype" : [ ]
    },
    "emotion" : null,
    "mentions" : null,
    "relevance" : 0.185111,
    "sentiment" : null,
    "text" : "TransCanada Pipelines",
    "type" : "Company"
  }, {
    "count" : 1,
    "disambiguation" : null,
    "emotion" : null,
    "mentions" : null,
    "relevance" : 0.183418,
    "sentiment" : null,
    "text" : "Solution Specialist",
    "type" : "JobTitle"
  } ],
  "fileName" : "Darren Peloso Profile.pdf",
  "keywords" : [ {
    "emotion" : null,
    "relevance" : 0.746851,
    "sentiment" : null,
    "text" : "Darren Peloso Overview"
  }, {
    "emotion" : null,
    "relevance" : 0.7131,
    "sentiment" : null,
    "text" : "Principal of RKO Business Solutions Inc"
  }, {
    "emotion" : null,
    "relevance" : 0.637959,
    "sentiment" : null,
    "text" : "Records Management"
  }, {
    "emotion" : null,
    "relevance" : 0.625236,
    "sentiment" : null,
    "text" : "Darren Peloso"
  }, {
    "emotion" : null,
    "relevance" : 0.619621,
    "sentiment" : null,
    "text" : "RKO team"
  }, {
    "emotion" : null,
    "relevance" : 0.605211,
    "sentiment" : null,
    "text" : "RKO Business Solutionâ€™s direction"
  }, {
    "emotion" : null,
    "relevance" : 0.573159,
    "sentiment" : null,
    "text" : "IBM FileNet Design"
  }, {
    "emotion" : null,
    "relevance" : 0.571316,
    "sentiment" : null,
    "text" : "part of the core design"
  }, {
    "emotion" : null,
    "relevance" : 0.570598,
    "sentiment" : null,
    "text" : "IBM Case Manager"
  }, {
    "emotion" : null,
    "relevance" : 0.569716,
    "sentiment" : null,
    "text" : "related projects"
  }, {
    "emotion" : null,
    "relevance" : 0.568882,
    "sentiment" : null,
    "text" : "BC Hydro Work Package Printing"
  }, {
    "emotion" : null,
    "relevance" : 0.567882,
    "sentiment" : null,
    "text" : "solutions architect"
  }, {
    "emotion" : null,
    "relevance" : 0.557307,
    "sentiment" : null,
    "text" : "overview of Darren"
  }, {
    "emotion" : null,
    "relevance" : 0.556157,
    "sentiment" : null,
    "text" : "years experience"
  }, {
    "emotion" : null,
    "relevance" : 0.551206,
    "sentiment" : null,
    "text" : "Darren lead"
  }, {
    "emotion" : null,
    "relevance" : 0.54869,
    "sentiment" : null,
    "text" : "A&W Foods Canada"
  }, {
    "emotion" : null,
    "relevance" : 0.548596,
    "sentiment" : null,
    "text" : "BC Hydro"
  }, {
    "emotion" : null,
    "relevance" : 0.547092,
    "sentiment" : null,
    "text" : "electronic content"
  }, {
    "emotion" : null,
    "relevance" : 0.544961,
    "sentiment" : null,
    "text" : "integration features"
  }, {
    "emotion" : null,
    "relevance" : 0.542453,
    "sentiment" : null,
    "text" : "New Restaurant Opening Process"
  }, {
    "emotion" : null,
    "relevance" : 0.538162,
    "sentiment" : null,
    "text" : "Email Management"
  }, {
    "emotion" : null,
    "relevance" : 0.537853,
    "sentiment" : null,
    "text" : "Enterprise Records Management Software Design"
  }, {
    "emotion" : null,
    "relevance" : 0.534697,
    "sentiment" : null,
    "text" : "IBM Records Manager Implementation"
  }, {
    "emotion" : null,
    "relevance" : 0.534435,
    "sentiment" : null,
    "text" : "Various Projects"
  }, {
    "emotion" : null,
    "relevance" : 0.5344,
    "sentiment" : null,
    "text" : "World Wide Sales Support"
  }, {
    "emotion" : null,
    "relevance" : 0.533853,
    "sentiment" : null,
    "text" : "Water Street"
  }, {
    "emotion" : null,
    "relevance" : 0.533693,
    "sentiment" : null,
    "text" : "IBM FileNet solution design"
  }, {
    "emotion" : null,
    "relevance" : 0.533379,
    "sentiment" : null,
    "text" : "World Anti-Doping Agency"
  }, {
    "emotion" : null,
    "relevance" : 0.533013,
    "sentiment" : null,
    "text" : "GWLâ€™s claims management workflow solution"
  }, {
    "emotion" : null,
    "relevance" : 0.529187,
    "sentiment" : null,
    "text" : "A&Wâ€™s franchise application process"
  }, {
    "emotion" : null,
    "relevance" : 0.528212,
    "sentiment" : null,
    "text" : "Canadian Western Bank"
  }, {
    "emotion" : null,
    "relevance" : 0.527818,
    "sentiment" : null,
    "text" : "maintenance work requests"
  }, {
    "emotion" : null,
    "relevance" : 0.526554,
    "sentiment" : null,
    "text" : "own internal resources"
  }, {
    "emotion" : null,
    "relevance" : 0.526063,
    "sentiment" : null,
    "text" : "Great West Life"
  }, {
    "emotion" : null,
    "relevance" : 0.524394,
    "sentiment" : null,
    "text" : "Pembina Pipelines Information Architecture"
  }, {
    "emotion" : null,
    "relevance" : 0.523909,
    "sentiment" : null,
    "text" : "successful ECM"
  }, {
    "emotion" : null,
    "relevance" : 0.522145,
    "sentiment" : null,
    "text" : "RKO resources"
  }, {
    "emotion" : null,
    "relevance" : 0.520751,
    "sentiment" : null,
    "text" : "BC Hydro teams"
  }, {
    "emotion" : null,
    "relevance" : 0.520044,
    "sentiment" : null,
    "text" : "IBM Content Navigator Development"
  }, {
    "emotion" : null,
    "relevance" : 0.519791,
    "sentiment" : null,
    "text" : "Content Integration"
  }, {
    "emotion" : null,
    "relevance" : 0.519654,
    "sentiment" : null,
    "text" : "majority of this task"
  }, {
    "emotion" : null,
    "relevance" : 0.519369,
    "sentiment" : null,
    "text" : "configuration of FileNet P8 Content Manager"
  }, {
    "emotion" : null,
    "relevance" : 0.51919,
    "sentiment" : null,
    "text" : "International Paper"
  }, {
    "emotion" : null,
    "relevance" : 0.519125,
    "sentiment" : null,
    "text" : "solution architecture"
  }, {
    "emotion" : null,
    "relevance" : 0.519117,
    "sentiment" : null,
    "text" : "Engineering Standards documents"
  }, {
    "emotion" : null,
    "relevance" : 0.518831,
    "sentiment" : null,
    "text" : "Darren"
  }, {
    "emotion" : null,
    "relevance" : 0.518706,
    "sentiment" : null,
    "text" : "Darrenâ€™s responsibilities"
  }, {
    "emotion" : null,
    "relevance" : 0.518357,
    "sentiment" : null,
    "text" : "V6B 1A1"
  }, {
    "emotion" : null,
    "relevance" : 0.518112,
    "sentiment" : null,
    "text" : "design team"
  }, {
    "emotion" : null,
    "relevance" : 0.517819,
    "sentiment" : null,
    "text" : "Cembra Money Bank"
  } ],
  "sourceConnector" : "FileSystem Connector",
  "sourceEnrichment" : "Watson Natural Language Understanding",
  "sourceText" : "\nDarren Peloso Profile\n\nRKO Business Solutions Inc. â€¢ 55 Water Street â€¢ Vancouver, BC, Canada â€¢ V6B 1A1\nPage 1 of 8\n\nDarren Peloso Overview:\nDarren Peloso is a Principal of RKO Business Solutions Inc and specializes in Enterprise Content\nManagement (ECM) and Records Management (RM) consulting, advisement and facilitation. With twenty\nyears experience in this field, Darren has been involved with many successful ECM/Records Management,\nEmail Management and Archiving related projects and focuses RKO Business Solutionâ€™s direction entirely on\nECM/Records Management, specializing in the Compliance Market Space.  Below is an overview of Darrenâ€™s\nbackground.\n\nExperience:\n\n2018 â€“ Great West Life (GWL) â€“ Claims Processing Solution - Winnipeg\nDarren was a solutions architect with the RKO team that analyzed, designed and developed solution\nupgrades to GWLâ€™s claims management workflow solution. Enhancements were made to the solution to\nimprove usability and add integration features to the GWL mainframe as well as moving to a paperless\nprocess by integrating electronic content\n\n2018 â€“ A&W Foods Canada â€“ New Restaurant Opening Process - Vancouver\nDarren was a solutions architect with the RKO team that analyzed, designed and developed Case\nManagement solutions to manage A&Wâ€™s franchise application process, opening of new restaurants and\nmanagement of the renewal of existing franchise agreements\n\n2018 â€“ World Anti-Doping Agency (WADA) â€“ Anti-Doping Investigations - Montreal\nDarren was a solutions architect with the RKO team that analyzed, designed and deployed a Case\nManagement solution for investigations of doping allegations. As well, the RKO team developed an\nintegration from IBM Case Manager to IBM i2 Analyst, providing Investigators a single interface between the\ntwo systems\n\n2017 â€“ Cembra Money Bank â€“ CRM to Content Integration â€“ Zurich, Switzerland\nDarren was a solution architect with the RKO team that helped Cembra deploy a modernized ECM solution\nand integrate with their newly deployed CRM solution\n\n2017 â€“ International Paper (IP) â€“ SAP, ECM and Accounts Payable â€“ Memphis, TN\nDarren was a solution architect with the RKO team that helped IP during a large acquisition of pulp mills\nfrom Weyerhaeuser. Data was extracted from SAP and ECM repositories and the entire Accounts Payable\nprocess was migrated to IPâ€™s datacenter\n\n2017 â€“ Weyerhaeuser â€“ SAP, ECM and Accounts Payable â€“ Seattle, WA\nDarren was a solution architect with the RKO team that helped Weyerhaeuser during a large divestiture of\npulp mills to International Paper. Data was part of the team that identified and extracted the data for the\nfacilities from SAP and ECM repositories. As well, the Accounts Payable and Accounts Receivable processes\nwere recreated to ensure operations at the mills were not interrupted\n\n2017 â€“ Apria Healthcare â€“ IBM Content Navigator Development -\nDarren was a solution architect with the RKO team that analyzed, designed and developed solution plug-ins\nfor IBM Content Navigator to modernize Apriaâ€™s patient care system\n\n2017 â€“ Regions Financial Corporation â€“ Records Management Solution â€“ Birmingham, Alabama\nDarren worked as a solutions architect on the RKO team that worked with Regions to install, configure and\ncustomize IER to declared over two hundred million records\n\n\n\nDarren Peloso Profile\n\nRKO Business Solutions Inc. â€¢ 55 Water Street â€¢ Vancouver, BC, Canada â€¢ V6B 1A1\nPage 2 of 8\n\n2016 â€“ Alberta Pension Services (APS) â€“ IBM Records Manager Implementation and Migration\n- Edmonton\nDarren was a solution architect with the RKO team that analyzed, deployed and configured IBM Enterprise\nRecords. In addition, 15 million records were migrated, declared and a process designed a developed for\nongoing add/declare and updates with pension close dates from the CRM system\n\n2015 â€“ TransCanada Pipelines â€“ Case Management for Engineering Standards â€“ Calgary\nDarren led the RKO team that worked with TransCanada and IBM team members to design and build a Case\nManagement solution to manage the processes around the Engineering Standards documents at TC. This\nincluded Change Orders, Variances, New document creation and Revisions to existing documents\n\n2015 â€“ Boston Pizza â€“ Store Records â€“ Vancouver\nDarren is part of the team that designed the electronic solution to manage all of the documentation around\nBoston Pizzaâ€™s Franchisee stores. This includes the retention and disposition of content as part of their\nRecords Management initiative\n\n2015 â€“ TransAlta â€“ IBM Document Manager and IBM Content Manager v8 Upgrades - Calgary\nDarren was part of the core design and implementation team for a major upgrade to TransAltaâ€™s document\nand engineering drawing management system. The solution included updates to the DM to SAP linking, and\nDocument Rendering processes\n\n2015 â€“ Regions Bank â€“ Enterprise Records Management Software Design and Implementation\nâ€“ Alabama\nAlabama based Regions Bank was looking to extend their current ECM with Records Management to apply\nretention and disposition practices to their 300 million loans records. Darren was part of the team that\nworked with Regions to architect and design the solution, install IBM Enterprise Records and configure the\nsoftware. As well, Darren and the team provided mentoring for Regions internal software developers on\nintegration and API best practices\n\n2014 â€“ Canadian Western Bank â€“ Various Projects â€“ Edmonton\nDarren has helped with system and solution architecture for several of RKOâ€™s projects at CWB\n\n2014 â€“ Miami Airport â€“ IBM Content Collector Workshop (IBM Course) â€“ Miami, FL\nDarren was the instructor and delivered the IBM certified course for ICC for a group of people from Miami\nInternational Airport. These included business analysts, IT architects and system administrators\n\n2014 â€“ Canadian Direct Insurance â€“ IBM FileNet Design and Implementation â€“ Vancouver\nDarren led a team that assisted CDI in their IBM FileNet solution design, installation and implementation to\nsupport their front end insurance application\n\n2013 â€“ Tessera Technologies â€“ EDiscovery solution â€“ California\nDarren led the technical team that designed, installed and implemented an email capture and records\ndiscovery solution for Tessera handling terabytes of information\n\n2013  â€“  North  Shore  Credit  Union  (Now  BlueShore)  â€“  Accounts  Payable  Automation  â€“\nVancouver\nDarren helped lead the design team which implemented an accounts payable scanning and workflow\n\n\n\nDarren Peloso Profile\n\nRKO Business Solutions Inc. â€¢ 55 Water Street â€¢ Vancouver, BC, Canada â€¢ V6B 1A1\nPage 3 of 8\n\nsolution based on SharePoint 2010\n\n2013  â€“  Sanford  Health  â€“  Information  Lifecycle  Governance  and  EDRMS  Review  and\nRecommendations â€“ Sioux Falls, SD\nDarren consulted with Sanford Health on reviewing and recommending technologies and processes to\nimprove their electronic discovery and records management system.\n\n2012 â€“ Fraser Health Authority â€“ Assessment â€“ Vancouver\nDarren lead a team responsible for assisting FHA in aligning their people and expertise search solution,\nbased on the SharePoint 2010 platform\n\n2012 â€“ Capital Power â€“ Records Management for Legal â€“ Calgary\nDarren led and helped design a SharePoint 2010 solution to manage legal documents and their records\nmanagement retention and disposition\n\n2012 â€“ Great Canadian Gaming Corp â€“ Contract & Vendor Management - Vancouver\nDarren worked with GCGC to build an ECM solution to manage their processes around vendors and contract\nmanagement. Darrenâ€™s responsibilities included architecture, design and implementation of the solution on\nSharePoint 2010 utilizing Nintex for workflow management.\n\nDecember 2011 â€“ February 2012 â€“ Coast Capital Savings â€“ Legal ECM\nDarren was the ECM architect, responsible for the overall architecture, design, best practices and quality\nassurance for the enterprise content management solution for the Legal and Procurement departments. The\nsolution  leverages  MS  SharePoint  2010  as  the  underlying  ECM  platform.  The  solution  will  provide  MS\nOutlook integration to SharePoint to enhance usability, adding documents, metadata management, and,\nsearch.\n\nJune 2011 â€“ November 2011 â€“ Intrawest â€“ ECM and RM Implementation â€“ Vancouver.\nDarren was the ECM architect, responsible for the overall architecture, design, best practices and quality\nassurance for the enterprise content management and records management initiative at Intrawest. The\nproject delivered ECM and RM for several key departments to support their transition of operations from\nVancouver  to  Denver.  The  solution  leverages  MS  SharePoint  2010  and  Records  Center  as  the  underlying\nECM and RM repositories. MS Outlook with the Colligo plug-in is the main user interface into the system.\n\nNovember 2010 â€“ August 2011- BC Hydro â€“ Records Information Management implementation\n- Vancouver\nDarren worked with and was one of the team leads for RKO and BC Hydro teams which implemented RIM\nfunctionalities across three departments. The project included creation of BC Hydro Information Architecture\nand Records Management processes and technical solution. The project delivered a Blueprint to be used in\nrolling out the solution to other departments at BC Hydro.\n\nJuly 2010 to December 2010 â€“ Terasen Gas â€“ Enterprise ECM and RM Master Plan â€“ Vancouver\nDarren lead a team on this project (Phase III) to work with Terasen and build out an Enterprise ECM and\nRM Master  Plan,  solution  design  and  information  architecture.   The  project  also  included  the  RKO teams\nimplementing ECM and RM across 4 new departments.\n\nMarch  2010  to  August  2010  â€“  Wawanesa  Insurance  â€“  Solution  &  Information  Architecture,\nRecords Management and System Design â€“ Winnipeg\n\n\n\nDarren Peloso Profile\n\nRKO Business Solutions Inc. â€¢ 55 Water Street â€¢ Vancouver, BC, Canada â€¢ V6B 1A1\nPage 4 of 8\n\nDarren worked with other RKO resources on a project for remittance processing, records management and\n\n\n\nDarren Peloso Profile\n\nRKO Business Solutions Inc. â€¢ 55 Water Street â€¢ Vancouver, BC, Canada â€¢ V6B 1A1\nPage 5 of 8\n\nintegration with third party applications such as Wawanesaâ€™s Claims System.  The project includes Business\nProcess Management, Records Management, Advanced Image & Forms Capture and Content Collection from\nFile Systems.\n\nJanuary 2010 to March 2010 â€“ BC Hydro -  Email, File Share and SharePoint Archiving System\nDesign â€“ Vancouver\nDarren led the team in designing a Proof of Technology for this Utilityâ€™s CIOâ€™s office to better manage\nrecords in their ECM system.  The Pilot is a model for the enterprise roll-out.  The project included IBM ECM,\nRecords Manager, Microsoft SharePoint, Content Collectors for archiving Email, File Shares and SharePoint\nTeam Sites.\n\nNovember 2009 to Present â€“ Pembina Pipelines Information Architecture and System Design â€“\nCalgary\nDarren worked with RKO consultants and Pembina staff to launch this project after a successful POC.  The\nproject includes elements of ECM Master Planning, Information Architecture and ECM technologies to bring\nkey business groups online.\n\nAugust 2009 to Present â€“ Kootenay Savings Credit Union â€“ Document, Records and Business\nProcess Management Mapping â€“ Trail BC\nDuring this engagement, all documents, records and processes related to deposit and lending were\ndocumented. Darren and the team then assisted with a re-engineering, standardization and streamlining of\nthese processes utilizing ECM technologies.\n\nDecember 2009 â€“ A&W Foods Canada - Information Architecture and POC Design Mentoring -\nVancouver\nA&W took on the majority of this task with their own internal resources and engaged Darren for mentoring\nand guidance.\n\nNovember  2009  â€“  December  2009  â€“  College  and  Association  of  Alberta  Nurses  â€“  ECM  and\nRecords Management Feasibility Study â€“ Edmonton\nCARNAâ€™s core processes were examined, reviewing all input and output records to the processes.\nRecommendations were made on streamlining these processes and better managing their records with ECM\nand RM software tools. A full study of the costs and benefits of an ECM and RM initiative were delivered.\n\nJune 2008 to October 2009 â€“ Terasen Gas, Records Management Information Architecture,\nSystem Design & Implementation Phases I & II for Gas System Assets - Vancouver\nModifications to design and configuration of FileNet P8 Content Manager and Records Manager in\npreparation for company wide production roll-out\n\nJuly 2009 to August 2009 â€“ Pembina Pipelines POC â€“ Calgary\nPembina engaged Darren to gather requirements, assemble an implementation blueprint and put together a\ncontained POC using FileNet P8 4.5.1 along with Lotus Quickr and InfoSphere Content Collectors.\n\nJanuary 2009 to May 2009 â€“ BC Hydro Work Package Printing â€“ Vancouver\nBC Hydro EARG engaged Darren to help design and implement a FileNet P8 based solution to group and\nbulk print documents related to maintenance work requests.\n\n\n\nDarren Peloso Profile\n\nRKO Business Solutions Inc. â€¢ 55 Water Street â€¢ Vancouver, BC, Canada â€¢ V6B 1A1\nPage 6 of 8\n\nSeptember â€“December 2008â€“ TransCanada Pipeline, ECM & RM System Migration - Calgary\nManaged and participated in an extensive and complex multi-component upgrade to existing ECM and\nengineering process management platform.\n\nNovember 2008â€“ Comerica Financial Services, Email Management and Archiving Training\nProgram Delivery - Detroit\nCoordinated, created and delivered 5 day ICC for Email administration training program for this large Detroit\nbased bank.\n\nJuly 2008 â€“ NACCO, International Retention Schedule & File Plan Review\nReviewed and updated NACCOs corporate record retention schedule including international legal research\nfor NACCO operations in 8 different countries around the world. Assisted in architecting the underlying RM\ninfrastructure to support the varying retention requirements due to country specific requirements\n\nJune 2008: Oregon Dept of Transportation, QA Review for FileNet Email Manager\nReviewed existing architecture, Design and implementation of FileNet Email Manager, its configuration and\ngenerated a list of best practices along with recommendations:\n\nNov 2007 â€“ March 2008: BC Hydro Controlled Document Migration\nMigration of all Controlled documents from FileNet Content Services to FileNet P8 Content Manager.  Project\nalso includes the development of a custom search interface and lifecycle configurations:\n\nDecember 2007, Current, Chelan County PUD Email Manager and Migration to P8\nUpgrade Email Manager to version 3.7, Migration of all FileNet Content Services libraries to FileNet P8\nContent Manager, project also includes small customizations\n\nDecember 2007; Harry Koch, Mentoring and Troubleshooting for FileNet Email Manager\nWorked with business partner InfoAxiom to mentor, troubleshoot and support an Email Manager\nimplementation at the Harry Koch Company.\n\n2006 to October 2007: IBM, Information Technology Specialist ECM Platform\n  FileNet's Canadian operations acquired by IBM in December 2006\n  Responsibilities included:\nÃ˜ Pre-sales technical resource for Western Canada for IBM's ECM platform\nÃ˜ Present IBM ECM and Compliance solutions to clients and new prospects\nÃ˜ Canada's ECM Compliance specialist\nÃ˜ Provide ECM/Compliance expertise for IBM customers including IBM's technology, ECM platform\n\nvision, integration options and architectural design\n\nOctober 2005 to November 2006: FileNet Corporation, World Wide Sales Compliance Team\n  Tasks included:\nÃ˜ World Wide Sales Support for the FileNet Compliance suite of products (EM, RC, RM)\nÃ˜ Worked with implementation teams on solution design and architecture\nÃ˜ Educated the field sales teams on FileNet's Compliance suite\nÃ˜ Worked with field sales teams on large sales deals\nÃ˜ A sample of the projects included:\n\n\n\nDarren Peloso Profile\n\nRKO Business Solutions Inc. â€¢ 55 Water Street â€¢ Vancouver, BC, Canada â€¢ V6B 1A1\nPage 7 of 8\n\nClient Date Project Name\nSt. Paul's\nInsurance\n(UK)\n\nSept 2006 -Architecture and Design assistance with Email Manager and Records\nCrawler\n\nWestpac\nBank\n\nAug 2006 -Architecture and Design of Email Manager solution\n-Implementation of Email Manager pilot project\n\nScottsdale\nInsurance\n\nJune 2006 -Compliance (RC/EM) design assistance\n\nValero\nEnergy\n\nApril 2006 -Product assistance and design recommendations for the FileNet ECM\nproduct suite\n\nSCANA\nCorporation\n\nMar 2006 -Architecture and Design assistance for enterprise ECM initiative\n\nZurich\nFinancial\n(UK)\n\nOct 2005 â€“\nJan 2006\n\n-Architecture and Design assistance for Email & Compliance\nManagement solution for 60,000 users on three continents\n-Production system manages 1,000,000 email messages daily\n\nAT&T (SBC) Dec 2005 -Implemented a Proof of Concept with Email Manager\n-Assisted in designing enhanced Records Crawler configurations\n\nH&R Block Nov 2005 -Design and Implementation of FileNet Records Crawler\n-Support for enhanced integrations into other H&R applications\n-Solution presented at IBM's IoD Conference 2007\n\n1997 â€“ September 2005: Yaletown Technology Group Inc., Solution Specialist\nÃ˜ Company acquired by FileNet in October 2005\nÃ˜ Lead teams delivering projects using FileNet and Yaletown ECM and Compliance/Records\n\nManagement products. Primarily responsible for solutions design and project delivery, including\nproject management.\n\nÃ˜ A sample of the projects included:\n\nClient Date Project Name\nBC Hydro 1998 - Sept\n\n2005\n-Enterprise Records and Email Management\n-Engineering paper drawings/records management\n-Generation Records Management\n-Engineering Electronic Drawing Management\n\nPowerex Dec 2004 â€“\nSept 2006\n\n-Physical and Electronic Records Management Software\n\nBC Teacherâ€™s\nFederation\n\n1998 â€“ 2000 -Physical and Electronic Records Management program\n\nGreater\nVancouver\nRegion\nDistrict\n\n2002-2004 -Physical and Electronic Records Management program (eRIM)\n-Winner of the ARMA Global Innovations Award 2004\n\nCanadian\nReal Estate\nAssoc.\n\n2001 â€“ 2005 -Electronic Content Management for RealtorLink.org\n-FileNet Content Services Software\n\n\n\nDarren Peloso Profile\n\nRKO Business Solutions Inc. â€¢ 55 Water Street â€¢ Vancouver, BC, Canada â€¢ V6B 1A1\nPage 8 of 8\n\nClient Date Project Name\nPhillips,\nHager and\nNorth\n\n1999 â€“ 2005 -Electronic Content Management for customer service application\n-Integration with Onyx CRM package\n\nHusky\nEnergy\n\n1999 â€“ 2000 -Records Management for retail gas station\n-FileNet Content Services\n\nBank of\nCanada\n\n1999 â€“ 2003 -Records Management program (RIM) conversion to FileNet P8\nContent Manager\n-Email Management for Records Management\n-Bulk loading of Records from file share to FileNet Content Services\n\nTravis Credit\nUnion\n\n2004 -Enterprise ECM solution so support financial transactions\n\nContact Information\nDarren Peloso, Principal, CTO\nRKO Business Solutions Inc.\n503 â€“ 55 Water St.\nVancouver, BC\nV6B 1A1, Canada\nP: 250.505.5902\nE: darrenp@rkosolutions.com\n\n\n"
}