{
  "batchId" : "649d2ac9-9bdb-471b-b5b4-6b7f1c4c8c99",
  "batchTimestamp" : "2018-12-04T18:45:13Z",
  "categories" : [ {
    "label" : "/technology and computing/operating systems",
    "score" : 0.945883
  }, {
    "label" : "/business and industrial/business software",
    "score" : 0.880802
  }, {
    "label" : "/technology and computing/internet technology/email",
    "score" : 0.862389
  } ],
  "concepts" : [ {
    "dbpediaResource" : "http://dbpedia.org/resource/Microsoft_Exchange_Server",
    "relevance" : 0.951865,
    "text" : "Microsoft Exchange Server"
  }, {
    "dbpediaResource" : "http://dbpedia.org/resource/Electronic_discovery",
    "relevance" : 0.855134,
    "text" : "Electronic discovery"
  }, {
    "dbpediaResource" : "http://dbpedia.org/resource/E-mail",
    "relevance" : 0.847138,
    "text" : "E-mail"
  }, {
    "dbpediaResource" : "http://dbpedia.org/resource/Discovery_(law)",
    "relevance" : 0.615032,
    "text" : "Discovery"
  }, {
    "dbpediaResource" : "http://dbpedia.org/resource/Legal_hold",
    "relevance" : 0.531255,
    "text" : "Legal hold"
  }, {
    "dbpediaResource" : "http://dbpedia.org/resource/Microsoft_Outlook",
    "relevance" : 0.496169,
    "text" : "Microsoft Outlook"
  }, {
    "dbpediaResource" : "http://dbpedia.org/resource/Microsoft",
    "relevance" : 0.445652,
    "text" : "Microsoft"
  }, {
    "dbpediaResource" : "http://dbpedia.org/resource/Microsoft_Exchange_Client",
    "relevance" : 0.413358,
    "text" : "Microsoft Exchange Client"
  }, {
    "dbpediaResource" : "http://dbpedia.org/resource/Data_collection",
    "relevance" : 0.398677,
    "text" : "Data collection"
  }, {
    "dbpediaResource" : "http://dbpedia.org/resource/Civil_procedure",
    "relevance" : 0.398093,
    "text" : "Civil procedure"
  }, {
    "dbpediaResource" : "http://dbpedia.org/resource/Enterprise_content_management",
    "relevance" : 0.349163,
    "text" : "Enterprise content management"
  }, {
    "dbpediaResource" : "http://dbpedia.org/resource/Push_e-mail",
    "relevance" : 0.345129,
    "text" : "Push e-mail"
  }, {
    "dbpediaResource" : "http://dbpedia.org/resource/Information_technology_management",
    "relevance" : 0.334425,
    "text" : "Information technology management"
  }, {
    "dbpediaResource" : "http://dbpedia.org/resource/Active_Directory",
    "relevance" : 0.310199,
    "text" : "Active Directory"
  }, {
    "dbpediaResource" : "http://dbpedia.org/resource/Cc:Mail",
    "relevance" : 0.306038,
    "text" : "Cc:Mail"
  }, {
    "dbpediaResource" : "http://dbpedia.org/resource/Preservation",
    "relevance" : 0.305968,
    "text" : "Preservation"
  }, {
    "dbpediaResource" : "http://dbpedia.org/resource/Sanford_Health-MeritCare",
    "relevance" : 0.2937,
    "text" : "Sanford Health-MeritCare"
  }, {
    "dbpediaResource" : "http://dbpedia.org/resource/Process_management",
    "relevance" : 0.292219,
    "text" : "Process management"
  }, {
    "dbpediaResource" : "http://dbpedia.org/resource/Microsoft_SharePoint",
    "relevance" : 0.292211,
    "text" : "Microsoft SharePoint"
  }, {
    "dbpediaResource" : "http://dbpedia.org/resource/File_system",
    "relevance" : 0.291238,
    "text" : "File system"
  }, {
    "dbpediaResource" : "http://dbpedia.org/resource/T._Denny_Sanford",
    "relevance" : 0.28578,
    "text" : "T. Denny Sanford"
  }, {
    "dbpediaResource" : "http://dbpedia.org/resource/Data",
    "relevance" : 0.285548,
    "text" : "Data"
  }, {
    "dbpediaResource" : "http://dbpedia.org/resource/Archival_science",
    "relevance" : 0.284418,
    "text" : "Archival science"
  }, {
    "dbpediaResource" : "http://dbpedia.org/resource/Collection_(museum)",
    "relevance" : 0.279471,
    "text" : "Collection"
  }, {
    "dbpediaResource" : "http://dbpedia.org/resource/Process_(computing)",
    "relevance" : 0.279019,
    "text" : "Process"
  } ],
  "entities" : [ {
    "count" : 36,
    "disambiguation" : null,
    "emotion" : null,
    "mentions" : null,
    "relevance" : 0.960077,
    "sentiment" : null,
    "text" : "Sanford",
    "type" : "Person"
  }, {
    "count" : 12,
    "disambiguation" : {
      "dbpediaResource" : null,
      "name" : null,
      "subtype" : [ "City" ]
    },
    "emotion" : null,
    "mentions" : null,
    "relevance" : 0.532121,
    "sentiment" : null,
    "text" : "Sanford",
    "type" : "Location"
  }, {
    "count" : 10,
    "disambiguation" : {
      "dbpediaResource" : "http://dbpedia.org/resource/Microsoft",
      "name" : "Microsoft",
      "subtype" : [ "OperatingSystemDeveloper", "ProcessorManufacturer", "SoftwareDeveloper", "VentureFundedCompany", "VideoGameDeveloper", "VideoGamePublisher", "ProgrammingLanguageDesigner" ]
    },
    "emotion" : null,
    "mentions" : null,
    "relevance" : 0.49477,
    "sentiment" : null,
    "text" : "Microsoft",
    "type" : "Company"
  }, {
    "count" : 16,
    "disambiguation" : {
      "dbpediaResource" : null,
      "name" : null,
      "subtype" : [ "City" ]
    },
    "emotion" : null,
    "mentions" : null,
    "relevance" : 0.481074,
    "sentiment" : null,
    "text" : "Preservations",
    "type" : "Location"
  }, {
    "count" : 3,
    "disambiguation" : null,
    "emotion" : null,
    "mentions" : null,
    "relevance" : 0.396433,
    "sentiment" : null,
    "text" : "Encase Enterprise",
    "type" : "Company"
  }, {
    "count" : 2,
    "disambiguation" : {
      "dbpediaResource" : null,
      "name" : null,
      "subtype" : [ "StateOrCounty" ]
    },
    "emotion" : null,
    "mentions" : null,
    "relevance" : 0.389361,
    "sentiment" : null,
    "text" : "Sanford",
    "type" : "Location"
  }, {
    "count" : 4,
    "disambiguation" : null,
    "emotion" : null,
    "mentions" : null,
    "relevance" : 0.354213,
    "sentiment" : null,
    "text" : "Exchange",
    "type" : "Company"
  }, {
    "count" : 8,
    "disambiguation" : null,
    "emotion" : null,
    "mentions" : null,
    "relevance" : 0.338231,
    "sentiment" : null,
    "text" : "PSTs",
    "type" : "Company"
  }, {
    "count" : 4,
    "disambiguation" : null,
    "emotion" : null,
    "mentions" : null,
    "relevance" : 0.331562,
    "sentiment" : null,
    "text" : "Sioux Falls",
    "type" : "GeographicFeature"
  }, {
    "count" : 10,
    "disambiguation" : null,
    "emotion" : null,
    "mentions" : null,
    "relevance" : 0.329115,
    "sentiment" : null,
    "text" : "IBM Atlas",
    "type" : "Company"
  }, {
    "count" : 1,
    "disambiguation" : null,
    "emotion" : null,
    "mentions" : null,
    "relevance" : 0.327518,
    "sentiment" : null,
    "text" : "eDiscovery",
    "type" : "Organization"
  }, {
    "count" : 3,
    "disambiguation" : null,
    "emotion" : null,
    "mentions" : null,
    "relevance" : 0.321485,
    "sentiment" : null,
    "text" : "Tivoli",
    "type" : "Company"
  }, {
    "count" : 3,
    "disambiguation" : null,
    "emotion" : null,
    "mentions" : null,
    "relevance" : 0.313113,
    "sentiment" : null,
    "text" : "Leadership team",
    "type" : "Organization"
  }, {
    "count" : 1,
    "disambiguation" : {
      "dbpediaResource" : "http://dbpedia.org/resource/Sanford_Health",
      "name" : "Sanford Health",
      "subtype" : [ ]
    },
    "emotion" : null,
    "mentions" : null,
    "relevance" : 0.310648,
    "sentiment" : null,
    "text" : "Sanford Health",
    "type" : "Company"
  }, {
    "count" : 1,
    "disambiguation" : null,
    "emotion" : null,
    "mentions" : null,
    "relevance" : 0.30626,
    "sentiment" : null,
    "text" : "Sanford organization",
    "type" : "Organization"
  }, {
    "count" : 4,
    "disambiguation" : null,
    "emotion" : null,
    "mentions" : null,
    "relevance" : 0.305946,
    "sentiment" : null,
    "text" : "Darren Peloso",
    "type" : "Person"
  }, {
    "count" : 1,
    "disambiguation" : null,
    "emotion" : null,
    "mentions" : null,
    "relevance" : 0.303944,
    "sentiment" : null,
    "text" : "Sanford side",
    "type" : "Facility"
  }, {
    "count" : 5,
    "disambiguation" : {
      "dbpediaResource" : "http://dbpedia.org/resource/IBM",
      "name" : "IBM",
      "subtype" : [ "SoftwareLicense", "OperatingSystemDeveloper", "ProcessorManufacturer", "SoftwareDeveloper", "CompanyFounder", "ProgrammingLanguageDesigner", "ProgrammingLanguageDeveloper" ]
    },
    "emotion" : null,
    "mentions" : null,
    "relevance" : 0.298667,
    "sentiment" : null,
    "text" : "IBM",
    "type" : "Company"
  }, {
    "count" : 2,
    "disambiguation" : null,
    "emotion" : null,
    "mentions" : null,
    "relevance" : 0.29733,
    "sentiment" : null,
    "text" : "Executive",
    "type" : "JobTitle"
  }, {
    "count" : 3,
    "disambiguation" : {
      "dbpediaResource" : "http://dbpedia.org/resource/Symantec",
      "name" : "Symantec",
      "subtype" : [ "SoftwareDeveloper", "VentureFundedCompany" ]
    },
    "emotion" : null,
    "mentions" : null,
    "relevance" : 0.26544,
    "sentiment" : null,
    "text" : "Symantec",
    "type" : "Company"
  }, {
    "count" : 1,
    "disambiguation" : null,
    "emotion" : null,
    "mentions" : null,
    "relevance" : 0.259401,
    "sentiment" : null,
    "text" : "Sirius Computer Solutions",
    "type" : "Company"
  }, {
    "count" : 2,
    "disambiguation" : {
      "dbpediaResource" : null,
      "name" : null,
      "subtype" : [ "City" ]
    },
    "emotion" : null,
    "mentions" : null,
    "relevance" : 0.255045,
    "sentiment" : null,
    "text" : "Fargo",
    "type" : "Location"
  }, {
    "count" : 1,
    "disambiguation" : null,
    "emotion" : null,
    "mentions" : null,
    "relevance" : 0.233379,
    "sentiment" : null,
    "text" : "Greg Kaut",
    "type" : "Person"
  }, {
    "count" : 1,
    "disambiguation" : null,
    "emotion" : null,
    "mentions" : null,
    "relevance" : 0.233167,
    "sentiment" : null,
    "text" : "Jason Stoakes",
    "type" : "Person"
  }, {
    "count" : 1,
    "disambiguation" : null,
    "emotion" : null,
    "mentions" : null,
    "relevance" : 0.232412,
    "sentiment" : null,
    "text" : "IT department",
    "type" : "Organization"
  }, {
    "count" : 1,
    "disambiguation" : {
      "dbpediaResource" : null,
      "name" : null,
      "subtype" : [ "City" ]
    },
    "emotion" : null,
    "mentions" : null,
    "relevance" : 0.228105,
    "sentiment" : null,
    "text" : "Bismarck",
    "type" : "Location"
  }, {
    "count" : 1,
    "disambiguation" : null,
    "emotion" : null,
    "mentions" : null,
    "relevance" : 0.22384,
    "sentiment" : null,
    "text" : "ESI",
    "type" : "Organization"
  }, {
    "count" : 1,
    "disambiguation" : {
      "dbpediaResource" : "http://dbpedia.org/resource/Adobe_Systems",
      "name" : "Adobe Systems",
      "subtype" : [ "SoftwareDeveloper", "VentureFundedCompany" ]
    },
    "emotion" : null,
    "mentions" : null,
    "relevance" : 0.223583,
    "sentiment" : null,
    "text" : "Adobe",
    "type" : "Company"
  }, {
    "count" : 1,
    "disambiguation" : null,
    "emotion" : null,
    "mentions" : null,
    "relevance" : 0.220069,
    "sentiment" : null,
    "text" : "Bemieji",
    "type" : "Person"
  }, {
    "count" : 1,
    "disambiguation" : null,
    "emotion" : null,
    "mentions" : null,
    "relevance" : 0.219854,
    "sentiment" : null,
    "text" : "ClearWell",
    "type" : "Company"
  }, {
    "count" : 1,
    "disambiguation" : null,
    "emotion" : null,
    "mentions" : null,
    "relevance" : 0.213199,
    "sentiment" : null,
    "text" : "Atlas",
    "type" : "Company"
  }, {
    "count" : 1,
    "disambiguation" : null,
    "emotion" : null,
    "mentions" : null,
    "relevance" : 0.212212,
    "sentiment" : null,
    "text" : "EDRM",
    "type" : "Company"
  }, {
    "count" : 1,
    "disambiguation" : null,
    "emotion" : null,
    "mentions" : null,
    "relevance" : 0.203261,
    "sentiment" : null,
    "text" : "Sirius",
    "type" : "Company"
  }, {
    "count" : 1,
    "disambiguation" : null,
    "emotion" : null,
    "mentions" : null,
    "relevance" : 0.200288,
    "sentiment" : null,
    "text" : "Sirius systems",
    "type" : "Company"
  }, {
    "count" : 1,
    "disambiguation" : null,
    "emotion" : null,
    "mentions" : null,
    "relevance" : 0.200288,
    "sentiment" : null,
    "text" : "120 days",
    "type" : "Quantity"
  }, {
    "count" : 1,
    "disambiguation" : null,
    "emotion" : null,
    "mentions" : null,
    "relevance" : 0.200288,
    "sentiment" : null,
    "text" : "120 day",
    "type" : "Quantity"
  } ],
  "fileName" : "Sanford Review and Recommendations.docx",
  "keywords" : [ {
    "emotion" : null,
    "relevance" : 0.63407,
    "sentiment" : null,
    "text" : "Data Retention"
  }, {
    "emotion" : null,
    "relevance" : 0.609212,
    "sentiment" : null,
    "text" : "Future State eDiscovery Process"
  }, {
    "emotion" : null,
    "relevance" : 0.594211,
    "sentiment" : null,
    "text" : "Data Preservation"
  }, {
    "emotion" : null,
    "relevance" : 0.581206,
    "sentiment" : null,
    "text" : "use of the technology"
  }, {
    "emotion" : null,
    "relevance" : 0.575775,
    "sentiment" : null,
    "text" : "File Shares"
  }, {
    "emotion" : null,
    "relevance" : 0.567892,
    "sentiment" : null,
    "text" : "Microsoft Exchange"
  }, {
    "emotion" : null,
    "relevance" : 0.565635,
    "sentiment" : null,
    "text" : "collection procedure documents"
  }, {
    "emotion" : null,
    "relevance" : 0.56499,
    "sentiment" : null,
    "text" : "create PSTs"
  }, {
    "emotion" : null,
    "relevance" : 0.559634,
    "sentiment" : null,
    "text" : "eDiscovery case tracking"
  }, {
    "emotion" : null,
    "relevance" : 0.558932,
    "sentiment" : null,
    "text" : "specific users"
  }, {
    "emotion" : null,
    "relevance" : 0.557752,
    "sentiment" : null,
    "text" : "Exchange Email Archive"
  }, {
    "emotion" : null,
    "relevance" : 0.555794,
    "sentiment" : null,
    "text" : "collection of eDiscovery information"
  }, {
    "emotion" : null,
    "relevance" : 0.55451,
    "sentiment" : null,
    "text" : "Review of Current Practices"
  }, {
    "emotion" : null,
    "relevance" : 0.550384,
    "sentiment" : null,
    "text" : "eDiscovery Process"
  }, {
    "emotion" : null,
    "relevance" : 0.547407,
    "sentiment" : null,
    "text" : "eDiscovery Production"
  }, {
    "emotion" : null,
    "relevance" : 0.546742,
    "sentiment" : null,
    "text" : "Electronic Discovery Reference Model"
  }, {
    "emotion" : null,
    "relevance" : 0.545594,
    "sentiment" : null,
    "text" : "Sanfordâ€™s Leadership team"
  }, {
    "emotion" : null,
    "relevance" : 0.545129,
    "sentiment" : null,
    "text" : "long periods of time"
  }, {
    "emotion" : null,
    "relevance" : 0.544763,
    "sentiment" : null,
    "text" : "eDiscovery requests"
  }, {
    "emotion" : null,
    "relevance" : 0.541773,
    "sentiment" : null,
    "text" : "Microsoft SharePoint"
  }, {
    "emotion" : null,
    "relevance" : 0.540128,
    "sentiment" : null,
    "text" : "Unstructured Data"
  }, {
    "emotion" : null,
    "relevance" : 0.539863,
    "sentiment" : null,
    "text" : "IBM Atlas"
  }, {
    "emotion" : null,
    "relevance" : 0.538939,
    "sentiment" : null,
    "text" : "first version of the data map"
  }, {
    "emotion" : null,
    "relevance" : 0.538675,
    "sentiment" : null,
    "text" : "Review of Current Technology Platforms"
  }, {
    "emotion" : null,
    "relevance" : 0.537869,
    "sentiment" : null,
    "text" : "Sanford eDiscovery process"
  }, {
    "emotion" : null,
    "relevance" : 0.534661,
    "sentiment" : null,
    "text" : "large amounts of data"
  }, {
    "emotion" : null,
    "relevance" : 0.534345,
    "sentiment" : null,
    "text" : "key points"
  }, {
    "emotion" : null,
    "relevance" : 0.533978,
    "sentiment" : null,
    "text" : "PC Data"
  }, {
    "emotion" : null,
    "relevance" : 0.532154,
    "sentiment" : null,
    "text" : "larger issues"
  }, {
    "emotion" : null,
    "relevance" : 0.531719,
    "sentiment" : null,
    "text" : "interview sheets"
  }, {
    "emotion" : null,
    "relevance" : 0.531269,
    "sentiment" : null,
    "text" : "hold requests"
  }, {
    "emotion" : null,
    "relevance" : 0.530387,
    "sentiment" : null,
    "text" : "Collection Phase"
  }, {
    "emotion" : null,
    "relevance" : 0.529883,
    "sentiment" : null,
    "text" : "Preservation Phase"
  }, {
    "emotion" : null,
    "relevance" : 0.529474,
    "sentiment" : null,
    "text" : "hold preserves"
  }, {
    "emotion" : null,
    "relevance" : 0.527363,
    "sentiment" : null,
    "text" : "PST files"
  }, {
    "emotion" : null,
    "relevance" : 0.526924,
    "sentiment" : null,
    "text" : "notice of preservation forms"
  }, {
    "emotion" : null,
    "relevance" : 0.526185,
    "sentiment" : null,
    "text" : "procedure documents"
  }, {
    "emotion" : null,
    "relevance" : 0.525706,
    "sentiment" : null,
    "text" : "Identification Phase"
  }, {
    "emotion" : null,
    "relevance" : 0.524922,
    "sentiment" : null,
    "text" : "Sanford"
  }, {
    "emotion" : null,
    "relevance" : 0.524597,
    "sentiment" : null,
    "text" : "cases data"
  }, {
    "emotion" : null,
    "relevance" : 0.524406,
    "sentiment" : null,
    "text" : "Tivoli Storage Manager"
  }, {
    "emotion" : null,
    "relevance" : 0.522547,
    "sentiment" : null,
    "text" : "records management"
  }, {
    "emotion" : null,
    "relevance" : 0.522118,
    "sentiment" : null,
    "text" : "important business value"
  }, {
    "emotion" : null,
    "relevance" : 0.522097,
    "sentiment" : null,
    "text" : "proprietary information"
  }, {
    "emotion" : null,
    "relevance" : 0.521678,
    "sentiment" : null,
    "text" : "physical access"
  }, {
    "emotion" : null,
    "relevance" : 0.521077,
    "sentiment" : null,
    "text" : "current ad-hoc processes"
  }, {
    "emotion" : null,
    "relevance" : 0.520939,
    "sentiment" : null,
    "text" : "better scoping of File Shares"
  }, {
    "emotion" : null,
    "relevance" : 0.520918,
    "sentiment" : null,
    "text" : "tool"
  }, {
    "emotion" : null,
    "relevance" : 0.520104,
    "sentiment" : null,
    "text" : "Site Governance"
  }, {
    "emotion" : null,
    "relevance" : 0.519524,
    "sentiment" : null,
    "text" : "PST import"
  } ],
  "sourceConnector" : "FileSystem Connector",
  "sourceEnrichment" : "Watson Natural Language Understanding",
  "sourceText" : "\nSirius Computer Solutions\nSanford eDiscovery Review and Recommendations\t\n\n\nDarren Peloso\t6-11-2013\t\n\n\n\nContents\nDocument Information\t3\nVersion History\t3\nApproval History\t3\n1.\tExecutive Summary\t4\n2.\tReview of Current Practices for eDiscovery and Data Retention\t4\n3.\tReview of Current Technology Platforms for Data Preservation and Collection\t6\n3.1.\tMicrosoft Exchange\t6\n3.2.\tFile Shares / Unstructured Data\t7\n3.3.\tPC Data / Images\t8\n3.4.\tMicrosoft SharePoint\t9\n4.\tReview of Current Technology Platforms for eDiscovery Production\t10\n4.1.\tEncase Enterprise\t10\n5.\tRecommendations for Future State eDiscovery Process\t11\n5.1.\tIdentification Phase\t13\n5.2.\tPreservation Phase\t13\n5.3.\tCollection Phase\t14\n5.4.\tProcessing / Review / Analysis Phase\t14\n5.5.\tProduction\t15\n6.\tRecommendations for eDiscovery Program Enhancements\t16\n6.1.\tCreate identification plan\t16\n6.2.\tComplete the first version of the data map\t16\n6.3.\tCreate interview sheets\t16\n6.4.\tCreate notice of preservation forms\t17\n6.5.\tCreate or implement a tool, for eDiscovery case tracking\t17\n6.6.\tCreate both preservation and collection procedure documents\t17\n6.7.\tCreate procedure documents for Encase\t17\n6.8.\tInclude SharePoint in identification/data map\t17\n7.\tRecommendations on Technology Platforms\t17\n7.1.\tA tool for managing the eDiscovery Process\t18\n7.2.\tA tool for better preservation and collection\t19\n7.3.\tExchange Email Archive\t19\n8.\tGlossary of Terms\t21\n\n\n\n\nDocument Information\nVersion History\n\tVersion\n\tAuthor\n\tVersion Information\n\n\t0.1\n\tDarren Peloso\n\tInitial creation\n\n\t0.2\n\tDarren Peloso\n\tUpdates from Greg Kaut\n\n\t0.3\n\tDarren Peloso\n\tUpdates from Jason Stoakes Feedback\n\n\n\nApproval History\n\tDate\n\tApprover\n\tFeedback/Comments\n\n\t\n\t\n\t\n\n\t\n\t\n\t\n\n\n\n\n\n1. Executive Summary\nSanford IT have been managing eDiscovery requests for the organization. As part of these efforts they have identified that they can be improve the process to make it more efficient, systematic, consistent, auditable and as a result more defensible. \nSome of the key points identified throughout the current state analysis include the following:\nÂ· Sanford are currently managing eDiscovery requests, but understand that removing some of the current ad-hoc processes would be beneficial\nÂ· Exchange 2010 allows for efficient preservation and collection of eDiscovery information. With some additional documentation of procedures the process can become more consistent and auditable \nÂ· File Shares and Exchange 2007 preservation and collection has caused challenges for Sanford IT. This is primarily due to using Tivoli Storage Manager, which is a Disaster Recovery technology, to preserve very large amounts of data for long periods of time (ie, wrong tool for the job)\nÂ· To this point in time, Microsoft SharePoint has not been required for preservation and collection. This will likely change as the organization furthers its use of the technology to reduce its reliance on file shares\nRecommendations include:\nÂ· Refine the Sanford eDiscovery process and further align with the Electronic Discovery Reference Model (EDRM) \nÂ· Refine the tools used to support the eDiscovery process, including the documentation, policies and procedures around key process steps\nÂ· Evaluate technologies that will allow better scoping of File Shares to only preserve data that is required and not the large amounts of unfiltered data currently being preserved\nÂ· Evaluate technologies that can assist in making the corporate and IT eDiscovery process more efficient, systematic, consistent, auditable and defensible\n2. Review of Current Practices for eDiscovery and Data Retention\nAt this time, Sanford IT has had six requests for data preservation, with the majority being unstructured data. The unstructured data includes email, files on shared drives and in some cases data on PC hard drives.\nDuring the eDiscovery requests, Sanford IT are tasked with ensuring what Legal are asking to be preserved is accurately retained and potentially collected and produced in the most efficient manner possible.\n\nTypically, the requests come in from Sanfordâ€™s Leadership team based on specific users, business roles or IT systems. For example, the request could be for data from a specific group of people, or from the hard drives of a series of identified PCs.\n\n\n\n\nThe current eDiscovery process for Sanford is shown in the following diagram:\n13\nThis document is confidential and may be privileged or otherwise protected from disclosure and may contain proprietary information. Unauthorized reproduction or disclosure of this information in whole or in part is prohibited.\n\n10\nThis document is confidential and may be privileged or otherwise protected from disclosure and may contain proprietary information. Unauthorized reproduction or disclosure of this information in whole or in part is prohibited.\n\n\n\n\n\n3. Review of Current Technology Platforms for Data Preservation and Collection\n3.1. Microsoft Exchange\nCurrently Sanford are using Microsoft Exchange 2010 for email and calendaring. The users are a mix of Outlook 2007 and 2010 for their email clients, with a current project underway to have everyone standardized on 2010. Sanford currently has between 25,000 and 30,000 employees with Exchange email accounts. The main regions are Sioux Falls and Fargo which each have their own large clustered Exchange environment. In addition to this, Bismarck has a small 2 exchange server environment to support its estimated 2500 users.\n3.1.1. Mailbox Retention Policies\nAt this time, there is a mailbox size limit of 500 MB for email accounts. The Exchange team has a process for mail users to get this size limit extended upon request and approval of the userâ€™s manager.\nIn addition to the size limit, there is a retention policy that will delete any email in the userâ€™s inbox after 90 days. 30 days later, when the mail has reached a total age of 120 days, it is purged from the deleted items. Any email that is moved to a folder outside of the default â€˜Inboxâ€™ folder will be exempt from the 90/120 day deletion policy. Thus, the user can keep email they feel has important business value by creating a folder and filing the email into it.\n3.1.2. PST Files\nPST files are often an important source of information during an eDiscovery case but are difficult to manage as users can store them wherever they can save files. At Sanford, PST files exist and have been used as an archive tool by users in the past. The Exchange team now have an effort underway to prevent the usage of PST files in the organization to reduce the risk and efforts to preserve and collection information from them during discovery requests. Using group policies, users can no longer create PSTs in their Outlook 2010 clients or re-attach old files they may have saved.\nAs the PSTs are being phased out, the Exchange team has begun a process to allow for the importation of the email in the userâ€™s PST files back into the Exchange servers. To achieve this, they have added a process into the current Windows 7 upgrade project that allows the IT personnel doing the Windows upgrade to find, collect and send the PST files to the Exchange team for the importing back into the users Email account. \nThis PST import is an important step to ensure that Sanford can discover the email that may currently exist outside of the Exchange system.\n3.1.3. Current eDiscovery Preservation Process\nFor the legacy Exchange 2007 system, hold requests were done by keeping backup copies of the Exchange databases the requested users were contained in. Copies were kept using Tivoli Storage Manager (TSM) and modifying the backup retention policy to be indefinite. At this point in time, Sanford IT are still holding Exchange 2007 backups due to preservation requests that occurred previous to the Exchange 2010 upgrade.\nAn upgrade to Exchange 2010 was started in December 2010 and completed in early 2011. With the upgrade to Exchange 2010, the administrators gained the ability to use the message and records management (MRM) functionality of mailbox litigation holds. Now, when the Exchange administrative team receives a hold request, they put the user(s) mailbox(s) on litigation hold. During mailbox hold, users can still log on to their mailbox and change or delete items but behind the scenes the hold preserves deleted mailbox items and records any changes made. Deleted and changed items, along with their history, can be returned using an Exchange discovery search.\n3.1.4. Current eDiscovery Collection Process\nWhen collection is required for email that has been put on litigation hold in Exchange 2010, the Exchange administrators export the preserved email to a PST file. This PST file is then used for import into the Encase Enterprise system.\nA collection process for Exchange 2007 data is more involved than the process for Exchange 2010. A collection would include the following steps:\nÂ· Start the legacy virtual environments for Exchange 2007 server and its domain controller\nÂ· Restore the first Exchange database to the virtual server\nÂ· Identify the required users and create PSTs of the preserved email\nÂ· If all users are not included in the restored exchange database repeat the procedure for each additional database and identified users\n\n3.2. File Shares / Unstructured Data\nFile share preservation and collection has been one of the larger issues to deal with for Sanford IT. This is primarily due to the factors of the large volume of data and the tools to control and filter data for preservation.\n\n3.2.1. Data Volume\nThere is a large amount of data on the file shares with most of the data is on a few big filers. For example, there is one shared volume for all of Sioux Falls users. This Sioux Falls volume has over 9TB of data. The data is divided into the shared folders area (J: drive - 5.3TB) used by the business units for day to day operations and file sharing and the user home drive (H: drive - 4.1TB) area where users have their own private space for saving and managing files. \n\n3.2.2. File Retention Policies\nAt this point there are no retention policies around the files. As long as users do not delete content, it is kept forever. Practically speaking, the users can save whatever content they want onto the shared file system and keep it forever.\n\n3.2.3. Current eDiscovery Preservation Process\nPreservation requests typically come to IT with user areas or file shares to hold. In some requests, the holds are able to be scoped to a selection of the shared file server. If this is the case and the data is small enough, IT will take a copy and place it in a secure location.\n\nIn the other case, where IT cannot determine exactly what information to hold, they will use Tivoli Storage Manager (TSM) to retain the backups. To retain the backups, the TSM policy for the normal backup job is changed to allow for â€˜No Limitâ€™ retention for the selected locations, which will allow for retention of backup copies indefinitely. Normally, only a 3 month rolling window of data is retained for Disaster Recovery purposes. \n\nThis mechanism of preservation is an issue as it can be a very large amount of data which ends up being stored for long periods of time, most of which isnâ€™t likely pertinent to the discovery case. There is a significant amount of data being kept in the backups due to this.\n\n3.2.4. Current eDiscovery Collection Process\nUp until this point, data collection has not had to be done on any of the large datasets that have been preserved with TSM. There are concerns that, based on the volume of data on the backup tapes, and the amount of time that has passed, a restore of the information for data collection could be problematic because of two main factors. The first issue is the amount of empty disk space required to restore to. Sufficient space must be allocated to restore all of the data. The second issue, is the number of backups that have accumulated over time. The restore has to process from the first full backup that was done, and then every incremental since. This will lead to a very long restore time due to the TSM resources required. This processing for the restore is utilizing the same resource pool that is required to ensure timely backups for disaster recovery purposes.\n3.3. PC Data / Images\nIn the past, Sanford have had to preserve data that was stored on PC hard drives. To accomplish preserving data on PC hard drives, Sanford IT have two primary tools. \nThe first tool is Encase Enterprise, which allows for the collection of drive images remotely over the network. The drive image is brought directly into Encase allowing for both preservation and collection in the same step.\nIn the case where PCs are not reachable over the network, physical access must be gained to the PC at which point a tool called FTK imager can be used. FTK imager is a free tool from AccessData software and allows for a forensic level copy of the PC hard drive. The captured image can be directly imported into the Encase Enterprise tool to complete the preservation and collection process. \n3.4. Microsoft SharePoint\nSanford has an active Microsoft SharePoint implementation that is used primarily for collaboration and some web content management. The collaboration includes shared calendars, shared tasks lists, shared contact information and document libraries to store content such as policies, procedures, documentation and a mix of other business documents. Sanford IT have a desire to increase its usage and utilize its collaborative capabilities so that users and business units can reduce their reliance on the file shares.\nThe SharePoint environment is primarily on version 2007 but a migration is underway to upgrade to the 2010 version. At this point, about 20% of the environments have been upgraded. SharePoint 2010 provides greater governance and management controls which can help with potential discovery cases in the future.\nSimilarly to the Exchange environment, both Sioux Falls and Fargo house the majority of the SharePoint infrastructure. Bemieji has a small SharePoint farm to support their users locally.\n3.4.1. Site Governance\nAt this point in time, a request form is submitted by the business user that outlines the intended usage of the site. During the request process, the sites policies governing the system is presented to the requesting users. This outlines what content is acceptable in the site and what is not to be stored, such as patient information.\nOnce the site is approved, it is created using a standard SharePoint site template. No enterprise content types or columns are defined. The primary user is given site administration access and can extend the site to include custom content types and columns. \n3.4.2. Data Volume\nIn total, there are approximately 1,800 SharePoint sites in use and Sanford is licensed across the enterprise for its use. \n3.4.3. Retention Policies\nAt this time, there are no retention policies in the SharePoint environment. Data is kept for as long as the site exists and the sites do not have any retention policies applied to them.\n3.4.4. Current eDiscovery Preservation Process\nTo this point in time, the SharePoint administrative team have not received any requests for preservation of data. It is likely in the future that information will be required from the SharePoint system, especially as its use becomes greater in the Sanford organization.\n3.4.5. Current eDiscovery Collection Process\nSimilarly to preservation, to this point in time the SharePoint administrative team have not received any requests for data collection.\n4. Review of Current Technology Platforms for eDiscovery Production\n4.1. Encase Enterprise\nSanford currently utilizes a software application called Encase Enterprise to handle the processing and production of preserved and collected data. Each eDiscovery request has a â€˜Caseâ€™ created in Encase to manage the processing and production.\nPreviously, the majority of data production was done by outside parties. Sanford would take all of their preserved data and transport it to the outside parties for keyword searching, review, processing and production.\nSanford IT have recently been asked to increase the usage of the Encase tool to do in-house processing and filtering of data before sending to outside parties for further refinement. This will reduce the amount of material, thus cost of outside production.\n4.1.1. Importing of collected data\nOnce data has been collected, the Encase tool is used to import it and prepare it for production. \nFor Exchange email, it is delivered to Encase as a PST file with the email contained within. Encase can import the email from the PST file into a discovery case.\nFor file system data, the first step is to have a location on the SAN defined and secured that can have the data restored to. Once this has been defined, the TSM administrators will restore the preserved data to this location. When the restore has been completed, Encase is used to import the data into the discovery case.\nFor PC data, Encase was used to do the initial discovery and preserve of the requested information. This information that has already been preserved is now added to the discovery case. \n4.1.2. Exporting / transporting to offsite legal firms\nIn the past, Sanford IT would take any data required for collection and later potential presentation and send it to an outside party. No processing was done on the content prior to sending it out. \n4.1.3. Encase Challenges\nCurrently the process around using Encase for collection has some challenges for Sanford IT.\nThe first challenge is the lack of trained staff to property utilize the Encase Enterprise tool. Due to staff turnover, recent investment in resourcing has been put into the tool by Sanford IT. However, the tool is complex and to fully utilize its capabilities for both collection and future processing and filtering of data prior to production, further investment in education on it will be required.\nThe second challenge that has recently come to light are issues around the importing and collection of PST files. Large PST files that have been exported from Exchange have been found to have errors that cause issues with the import into Encase. Microsoft provides a tool called â€˜Scanpst.exeâ€™ that will diagnose and repair issues with the PST file.\nHowever, it can take a long time to run on the larger PST files (10GB+) and often requires several passes before the PST is in a state where it can be successfully imported into Encase.\nAfter consultation with Microsoft, a patch to Exchange 2010 was applied, however while reducing the amount of errors with the PSTs generated during export, it has not resolved all of the issues.\n5. Recommendations for Future State eDiscovery Process\nThe recommendation is for Sanford to continue to evolve the eDiscovery processes and align with the industry Electronic Discovery Reference Model (EDRM) best practices. The EDRM encompasses the stages of identification, preservation, collection, processing, review, analysis, production and presentation. \n\nMore information can be found on this standard at: \nhttp://www.edrm.net/resources/edrm-stages-explained\n\nBased on the current understanding of Sanford, the following diagram maps out the organization along the lines of the EDRM model and identifies areas where improvements can be made. \n\n\n\n5.1. Identification Phase\nDuring the identification phase, the Sanford team will be defining the potential ESI content and its custodians. This is the information that will need to be preserved and potentially produced later.\n5.1.1. Identification Plan\nThe identification plan has two major areas. The first is to identify the users, information/content and its locations that will be required. The second is to identify the staff that will be required to execute on the preservation, collection, processing and production of the information. \n5.1.2. Identify Required Team\nThe team to that is required to handle the discovery request is identified. This can be the administrators of the systems or the custodians of the data. \n5.1.3. Identify Electronically Stored Information (ESI)\nAt this step the leadership team identify what ESI is required for the discovery case. This includes the type of data, the Sanford users and potential discovery sources. The sources can include employee email, shared files, PC hard drives, Electronic Content Management (ECM) systems such as SharePoint, etc.\n5.1.4. Review Data Map\nThe Data Map is reviewed to determine what IT resources will be required to process the holds on the ESI identified. Sanford has a start of a data map and this should continue to be refined. \n5.1.5. Send Notice of Preservations\nAt this step, a standardized hold notification letter is sent out to the employees identified earlier in the identification phase. This notice should be sent to custodians likely to have relevant evidence as soon as a duty to preserve is triggered.\n5.1.6. Assign Resources\nThe eDiscovery team manager assigns internal IT resources to execute on the information preservations identified. \n5.1.7. eDiscovery Case Tracking\nThe eDiscovery manager logs the details into the eDiscovery Case Tracking tool. The eDiscovery Case Tracking tool allows for logging the assignments and results of each step of the eDiscovery process. This will allow for easier status and progress reporting to the leadership team and eDiscovery manager.\n5.2. Preservation Phase\nDuring the preservation phase, electronically stored information that was identified in the discovery case is put on â€˜holdâ€™, ensuring it is not deleted/expunged from the Sanford IT systems.\n5.2.1. Follow Procedure to preserve data\nProcedures will be followed by staff to follow the process of preservation. The procedures should be well documented and clear to allow for a consistent, systematic, auditable and defensible process. \n5.2.2. Log completion and results\nAfter completing the procedure for preservation, the IT staff member will log their results and any issues/changes that may have arisen. This is important to allow for an accurate audit history of the discovery case and allows for the Sanford leadership team to get an understanding of the current status.\n5.2.3. eDiscovery Case Tracking\nThe eDiscovery manager can monitor the discovery case and provide reporting for the Sanford leadership team where appropriate. As well, issues that arise during the preservation procedures can be reviewed and actioned.\n5.3. Collection Phase\nAt the collection step, the content that is potentially relevant is identified and gathered along with any metadata that can help describe and define it.\n5.3.1. Follow Procedure to collect/export data\nSimilar to the preservation phase, a clear and well documented procedure should be available to take the preserved information and package and its appropriate metadata for the processing, review and analysis phase.\n5.3.2. Log completion and results\nAfter completing the procedure for collection, the IT staff member will log their results and any issues/changes that may have arisen. This is important to allow for an accurate audit history of the discovery case and allows for the Sanford leadership team to get an understanding of the caseâ€™s current status.\n5.3.3. eDiscovery Case Tracking\nThe eDiscovery manager can monitor the discovery case and provide reporting for the Sanford leadership team where appropriate. As well, issues that arise during the preservation procedures can be reviewed and actioned.\n5.4. Processing / Review / Analysis Phase\nDuring the processing phase, the data that was gathered from the collection phase is de-duplicated, conversion of data if required, and DeNIST where appropriate. Once this has been completed, the review and analysis allows for keyword searching and reviewing of the content to determine what needs to be produced.\n5.4.1. Import of collected data\nAt this step, the data that has been collected during previous preservation and collection phases is imported into the processing and analysis tools. Sanford uses Encase Enterprise for this purpose. The data can be items such as the PST files from the Exchange administrators and the restored file system data. \n5.4.2. Follow procedure for preparation and de-duplication\nWhere possible, the Encase and other IT tools are used to de-duplicate and DeNIST the collected data. This should be accomplished according to a documented procedure so that the process remains systematic and consistent.  \n5.4.3. Log completion and results\nAfter completing the procedure for preparation, the IT staff member will log their results and any issues/changes that may have arisen. This is important to allow for an accurate audit history of the discovery case and allows for the Sanford leadership team to get an understanding of the caseâ€™s current status.\n5.4.4. eDiscovery Case Tracking\nThe eDiscovery manager can monitor the discovery case and provide reporting for the Sanford leadership team where appropriate. As well, issues that arise during the preservation procedures can be reviewed and actioned.\n5.4.5. Create selection set\nIf possible an internal review team will review the case materials to filter down the results for final production. This is typically done through keyword searching, filtering and review by subject matter experts. \nCurrently Sanford have Encase and it is being used as the hosting repository for the collected data. Up until recently, Sanford has been using external parties for the keyword searching and selection set creation. While the data import/acquisition process has been refined and understood by Sanford IT, they have recently been asked to do some processing on the collected data. The processing which includes searching and querying to refine and filter down the amount of data has been a challenge. \n5.5. Production\nFor production, the two parties, Sanford and opposing council will determine formats that are to be used for the produced data. Examples of formats are native (PSTs with native email msg format), near native (Email converted to text files), image (Email converted to PDF or TIF) or paper (Email printed into physical paper).\n5.5.1. Follow procedure for export selection set\nAt this point, production is handled by outside parties who will follow procedures for exporting of the selection set in the appropriate formats.\n5.5.2. eDiscovery Case Tracking\nStatus updates from the outside council should be logged in the eDiscovery Case Tracking system. This includes any issues that need resolution on the Sanford side. The eDiscovery manager can monitor the discovery case and provide reporting for the Sanford leadership team where appropriate.\n6. Recommendations for eDiscovery Program Enhancements\nThe following recommendations are improvements Sanford can implement to their current process and toolsets used for eDiscovery requests.  The recommendations and readiness activities below will help further establish clear preservation and collection process and procedures to follow which helps avoid often expensive and difficult to defend ad hoc requests.\n6.1. Create identification plan\nAn identification plan will allow Sanford to identify the users, information/content and its locations that will be required. As well, the identification plan will help identify the Sanford staff that will be required to execute on the preservation, collection, processing and production of the information.\nThe identification plan can be created using Office tools, such as MS Word or Excel, or a specialized tool could be implemented such as IBM Atlas which is further described in the next section on Technology recommendations.\n6.2. Complete the first version of the data map\nA data map will allow Sanford to understand where the important areas of information are located and who the custodians are. The data map can be extended over time as eDiscovery requests uncover new sources of data.\nThe data map can be created using Office tools, such as Excel, or a specialized tool can be implemented such as IBM Atlas. The Atlas suite of tools has rich functionality around definition and maintenance of data maps. IBM Atlas is further described in the next section on Technology recommendations.\n6.3. Create interview sheets\nFor the systems identified in the data map, or at least those of highest risk, create interview sheets or surveys. These interview materials can assist in helping scope the eDiscovery request to a more specific set of criteria, which will then help reduce the overall amount of data required for preservation. The interviews should include questions concerning where they may have stored potentially relevant electronic information, the key documents they recall, and the language used, including acronyms and slang. These key documents and language questions are important for later search activities. If an interview sheet isnâ€™t already complete for a particular system, start the documentation the first time ESI is required.\n\nInterview sheets can be created using Office tools such as Word and Excel, or other forms products like Infopath or Adobe. For more sophisticated interview management, a product such as IBM Atlas can be implemented. The Atlas product allows for definition of interviews and allows for delivery and automated follow-up based on interview results.\n6.4. Create notice of preservation forms\nAn important aspect of the eDiscovery process is the notification to employees of their requirements for preservation of data. A notice should be sent to custodians likely to have relevant evidence as soon as a duty to preserve is triggered.\nThe notice of preservation forms can be created using Word or created, managed and automated using a product such as IBM Atlas. IBM Atlas is further described in the next section on Technology recommendations.\n6.5. Create or implement a tool, for eDiscovery case tracking\nAs part of a reliable, systematic, auditable and defensible process, a tool to track the eDiscovery case is invaluable. The simplest format would be a tracking spreadsheet and more advanced functionality coming with commercial eDiscovery process tools.\nIn addition, a good tool for eDiscovery case tracking will allow for status reviews and reporting metrics by both the eDiscovery manager and the Leadership team.\nAt its simplest form, a tool such as Excel can be utilized for eDiscovery case tracking. The drawbacks to using Excel is that it can be difficult to maintain and visibility into the ongoing process can be difficult for the Business leaders and legal teams.\nA tool such as IBM Atlas is designed to full manage the entire eDiscovery process and allow case management and tracking. IBM Atlas is further described in the next section on Technology recommendations.\n6.6. Create both preservation and collection procedure documents \nCreate procedures for each system used for preservation and collection of data that is identified on the data map, or at least those of highest risk. If a procedure isnâ€™t already complete for a particular system, start the documentation the first time ESI is required. \n6.7. Create procedure documents for Encase \nSimilar to procedures for preservation and collection, a procedure for importing of case data into Encase should be created. This will ensure the process is consistent and repeatable, even as employee turnover happens in the IT department.\n6.8. Include SharePoint in identification/data map \nIt is likely in the future that data may be required to be preserved from SharePoint. Sanford should evaluate the future likelihood that information in SharePoint will need preservation and collection for eDiscovery cases.\n7. Recommendations on Technology Platforms\nOutlined below are examples of tools that would meet the needs of Sanford Health.  From a technology standpoint, Sirius systems is most familiar with the IBM suite of eDiscovery tools.  With that said, there are other options in the marketplace.  While it is outside the scope of this engagement, Sirius has the team to lead you through a formal tool review and acquisition process if desired.\n7.1. A tool for managing the eDiscovery Process\nAn example tool for managing the overall eDiscovery Process of an organization is IBM Atlas. This solution helps business leaders, legal, IT Staff and discovery managers efficiently manage a rigorous, highly defensible legal holds process. It enables organizations to use outside counsel more efficiently by pre-interviewing custodians electronically and reducing the scope of data collected and reviewed. It automates the communication of discovery requirements and facts between IT and legal staff. This information can include action item assignments, notifications, alerts, work planning, and searches through holds and collections.\nIBM Atlas is designed to produce a more reliable, defensible process record for improved, more cost-effective legal outcomes.\nAtlas eDiscovery Process Management helps organizations to:\nÂ· Scope and manage custodians and data sources more efficiently and precisely\nÂ· Streamline and automate hold publication to significantly reduce manual tasks and associated errors\nÂ· Conduct more effective virtual interviews and automated follow up based on interview results\nÂ· Control, monitor and manage the discovery process for more accurate, efficient record keeping\nÂ· Coordinate discovery tasks to manage, find and view collection data more easily\nÂ· Align IT collection task management to help avoid duplicative efforts between legal and IT\nÂ· Streamline the collection workflow with better browsing, viewing and logging capabilities\nÂ· Provide collection templates for data source types to help eliminate manual tasks and improve accuracy\nÂ· Gain visibility into discovery workloads and assets for better planning and resource allocation\nAnother example is Symantec ClearWell. This eDiscovery platform covers the full EDRM model including identification, preservation, collection, processing, review, analysis and production stages.\n\n\n\n\n\nSimilar in functionality to Atlas, ClearWell provides good functionality across all EDRM phases including strong semantic analysis, native file format review for over 500 file types, and predictive coding.  \n7.2. A tool for better preservation and collection\nThere are several tools available that provide the ability to index and search against large file shares and other systems, such as email and SharePoint, to prevent over collection of information. These tools allow for a specific subset of data to be preserved based on advanced analytics and query tools. As the information is identified it can be collected and secured with an audit trail.\nExample tools are IBMâ€™s StoredIQ and Encaseâ€™s eDiscovery. \nStoredIQ provides a range of business-critical information management benefits, including:\nÂ· Quickly locate matter-relevant electronic documents with advanced search technology\nÂ· Analyze electronic documents in-place with detailed data topology maps, advanced analytics, and precise data explorers\nÂ· Preserve and collect data to a secure legal hold repository, preserving all metadata and business context\nÂ· Act on and manage potentially relevant data in a legally defensible manner with audit trails and a robust chain of custody\nÂ· Reduces eDiscovery time by providing faster collection, preservation and processing to make better legal decisions, meet deadlines and avoid sanctions\nÂ· Provides a fixed-cost solution that provides legal cost predictability\nÂ· Repeatability, transparency, defensibility of the entire eDiscovery process\nÂ· Mitigates the impact and burden on IT\nIn addition to file shares, StoredIQ has connectors for Microsoft SharePoint and Exchange (among many other systems). With these connectors, Sanford can move to a single process to handle discovery and collection. This will remove the burden from Exchange and SharePoint administrators from having to do the exports of preserved data from the systems. As well, this will eliminate the intermediary step of creating a PST file of exported email which, as documented earlier, has been a cause of issues at Sanford.\nMuch like StoredIQ, the Encase eDiscovery tool allow for the collection of subsets of data across the Enterprise. Built on a distributed and scalable architecture, the solution identifies, collects and processes only potentially relevant data, preserving documents and associated metadata. \nEncase eDiscovery has capabilities to handle legal holds, identification, collection, preservation, processing, review, and production.\n7.3. Exchange Email Archive\nTools from companies such as IBM Content Collector and Symantec Enterprise Vault allow for the archival and subsequent discovery, preservation, collection and production of email.\nEnterprise archiving reduces storage footprint and costs by up to 60% or more by moving de-duplication and compression closer to the source while retention and deletion policies keep information for only as long as it is needed, Archiving can streamline backup and recovery times by moving older, infrequently accessed data from production sources into a centralized archive.\nMost Archiving solutions can support an in-depth search of Electronically-Stored Information (ESI) across the enterprise, giving organizations clear visibility into and control of the discovery, assessment, and management of unstructured and semi-structured information and support for immediate early case assessments, legal hold and review without manual, time-consuming collection processes.\nTypically these offerings align with their corresponding eDiscovery solutions, i.e. IBM eDiscovery Manager, Atlas and Symantec Clearwell.\nKey Features\nÂ· Unified Document Archiving Software Platform moves less-frequently accessed information off of expensive primary storage to lower-cost storage.\nÂ· Global de-duplication of Archived Content (i.e. email, files, SharePoint, IM, databases.)\nÂ· Active Content Collection to extend search, indexing and classification of data beyond the archive\n\n\n\n8. Glossary of Terms\nDeNIST â€“ The process of removing known operating system and application installation files\nEDRM â€“ Electronic Discovery Reference Model. An industry standard that evolving around creating best practices for the process of eDiscovery (http://www.edrm.net/resources/edrm-stages-explained)\nESI â€“ Electronically Stored Information\nILG â€“ Information Lifecycle Governance. The process of managing the retention and disposition of information in an organization\nTSM â€“ Tivoli Storage Manager. A product from IBM for backing up computer systems for Disaster Recovery purposes\n"
}