{
  "batchId" : "524151d9-1c9b-40d6-b7c6-9422a9eaf22c",
  "batchTimestamp" : "2018-12-03T23:55:54Z",
  "categories" : [ {
    "label" : "/health and fitness/weight loss",
    "score" : 0.978102
  }, {
    "label" : "/health and fitness/disease/diabetes",
    "score" : 0.850505
  }, {
    "label" : "/health and fitness/disease/heart disease",
    "score" : 0.762903
  } ],
  "concepts" : [ {
    "dbpediaResource" : "http://dbpedia.org/resource/Obesity",
    "relevance" : 0.986947,
    "text" : "Obesity"
  }, {
    "dbpediaResource" : "http://dbpedia.org/resource/Diabetes_mellitus",
    "relevance" : 0.805863,
    "text" : "Diabetes mellitus"
  }, {
    "dbpediaResource" : "http://dbpedia.org/resource/Medicine",
    "relevance" : 0.703497,
    "text" : "Medicine"
  }, {
    "dbpediaResource" : "http://dbpedia.org/resource/Nutrition",
    "relevance" : 0.676619,
    "text" : "Nutrition"
  }, {
    "dbpediaResource" : "http://dbpedia.org/resource/Surgery",
    "relevance" : 0.628211,
    "text" : "Surgery"
  }, {
    "dbpediaResource" : "http://dbpedia.org/resource/Diabetes_mellitus_type_2",
    "relevance" : 0.617127,
    "text" : "Diabetes mellitus type 2"
  }, {
    "dbpediaResource" : "http://dbpedia.org/resource/Weight_loss",
    "relevance" : 0.608825,
    "text" : "Weight loss"
  }, {
    "dbpediaResource" : "http://dbpedia.org/resource/Cancer",
    "relevance" : 0.5589,
    "text" : "Cancer"
  }, {
    "dbpediaResource" : "http://dbpedia.org/resource/Hypertension",
    "relevance" : 0.556318,
    "text" : "Hypertension"
  } ],
  "entities" : [ {
    "count" : 2,
    "disambiguation" : null,
    "emotion" : null,
    "mentions" : null,
    "relevance" : 0.982773,
    "sentiment" : null,
    "text" : "Darren Peloso",
    "type" : "Person"
  }, {
    "count" : 1,
    "disambiguation" : null,
    "emotion" : null,
    "mentions" : null,
    "relevance" : 0.734241,
    "sentiment" : null,
    "text" : "Surgical Weight Management",
    "type" : "JobTitle"
  }, {
    "count" : 1,
    "disambiguation" : {
      "dbpediaResource" : "http://dbpedia.org/resource/Obesity",
      "name" : "Obesity",
      "subtype" : [ "DiseaseOrMedicalCondition", "DiseaseCause", "RiskFactor", "Symptom" ]
    },
    "emotion" : null,
    "mentions" : null,
    "relevance" : 0.567252,
    "sentiment" : null,
    "text" : "morbid obesity",
    "type" : "HealthCondition"
  }, {
    "count" : 1,
    "disambiguation" : null,
    "emotion" : null,
    "mentions" : null,
    "relevance" : 0.438715,
    "sentiment" : null,
    "text" : "Thelma Anderson",
    "type" : "Person"
  }, {
    "count" : 1,
    "disambiguation" : {
      "dbpediaResource" : "http://dbpedia.org/resource/John_Doe_(musician)",
      "name" : "John Doe (musician)",
      "subtype" : [ "MusicalArtist", "MusicalGroupMember", "RecordProducer", "FilmActor", "TVActor" ]
    },
    "emotion" : null,
    "mentions" : null,
    "relevance" : 0.423748,
    "sentiment" : null,
    "text" : "Dr. John Doe",
    "type" : "Person"
  }, {
    "count" : 3,
    "disambiguation" : null,
    "emotion" : null,
    "mentions" : null,
    "relevance" : 0.305286,
    "sentiment" : null,
    "text" : "3 years",
    "type" : "Quantity"
  }, {
    "count" : 1,
    "disambiguation" : null,
    "emotion" : null,
    "mentions" : null,
    "relevance" : 0.305286,
    "sentiment" : null,
    "text" : "5 years",
    "type" : "Quantity"
  } ],
  "fileName" : "Referral Letter - Darren Peloso.pdf",
  "keywords" : [ {
    "emotion" : null,
    "relevance" : 0.782962,
    "sentiment" : null,
    "text" : "result of this persistent morbid obesity"
  }, {
    "emotion" : null,
    "relevance" : 0.694236,
    "sentiment" : null,
    "text" : "Thelma Anderson â€™s primary care physician"
  }, {
    "emotion" : null,
    "relevance" : 0.692497,
    "sentiment" : null,
    "text" : "weight control diets"
  }, {
    "emotion" : null,
    "relevance" : 0.651529,
    "sentiment" : null,
    "text" : "Darren Peloso Letter of Medical Necessity"
  }, {
    "emotion" : null,
    "relevance" : 0.631268,
    "sentiment" : null,
    "text" : "Diabetes Mellitus"
  }, {
    "emotion" : null,
    "relevance" : 0.629152,
    "sentiment" : null,
    "text" : "weight loss"
  }, {
    "emotion" : null,
    "relevance" : 0.613026,
    "sentiment" : null,
    "text" : "co-morbid conditions"
  }, {
    "emotion" : null,
    "relevance" : 0.585579,
    "sentiment" : null,
    "text" : "Dear Dr. John Doe"
  }, {
    "emotion" : null,
    "relevance" : 0.565276,
    "sentiment" : null,
    "text" : "long-term benefits"
  }, {
    "emotion" : null,
    "relevance" : 0.555082,
    "sentiment" : null,
    "text" : "programs"
  }, {
    "emotion" : null,
    "relevance" : 0.521848,
    "sentiment" : null,
    "text" : "Darren Peloso"
  }, {
    "emotion" : null,
    "relevance" : 0.520794,
    "sentiment" : null,
    "text" : "years Norvasc"
  }, {
    "emotion" : null,
    "relevance" : 0.517484,
    "sentiment" : null,
    "text" : "Hypertension"
  }, {
    "emotion" : null,
    "relevance" : 0.516647,
    "sentiment" : null,
    "text" : "weight"
  }, {
    "emotion" : null,
    "relevance" : 0.516039,
    "sentiment" : null,
    "text" : "Obesity"
  }, {
    "emotion" : null,
    "relevance" : 0.515964,
    "sentiment" : null,
    "text" : "Duration"
  }, {
    "emotion" : null,
    "relevance" : 0.512688,
    "sentiment" : null,
    "text" : "evaluation"
  }, {
    "emotion" : null,
    "relevance" : 0.512569,
    "sentiment" : null,
    "text" : "conditions"
  }, {
    "emotion" : null,
    "relevance" : 0.512169,
    "sentiment" : null,
    "text" : "Depression"
  }, {
    "emotion" : null,
    "relevance" : 0.510465,
    "sentiment" : null,
    "text" : "consideration"
  }, {
    "emotion" : null,
    "relevance" : 0.508631,
    "sentiment" : null,
    "text" : "Medication"
  }, {
    "emotion" : null,
    "relevance" : 0.508631,
    "sentiment" : null,
    "text" : "surgery"
  }, {
    "emotion" : null,
    "relevance" : 0.508631,
    "sentiment" : null,
    "text" : "None"
  }, {
    "emotion" : null,
    "relevance" : 0.496968,
    "sentiment" : null,
    "text" : "only option"
  }, {
    "emotion" : null,
    "relevance" : 0.47406,
    "sentiment" : null,
    "text" : "quality of life"
  }, {
    "emotion" : null,
    "relevance" : 0.472408,
    "sentiment" : null,
    "text" : "years Glucophage"
  }, {
    "emotion" : null,
    "relevance" : 0.460884,
    "sentiment" : null,
    "text" : "years Prozac"
  }, {
    "emotion" : null,
    "relevance" : 0.419598,
    "sentiment" : null,
    "text" : "patient"
  }, {
    "emotion" : null,
    "relevance" : 0.419218,
    "sentiment" : null,
    "text" : "bridgesaz"
  }, {
    "emotion" : null,
    "relevance" : 0.41565,
    "sentiment" : null,
    "text" : "Tenormin"
  } ],
  "sourceConnector" : "FileSystem Connector",
  "sourceEnrichment" : "Watson Natural Language Understanding",
  "sourceText" : "\n1-800-248-5553 I bridgesaz.com\n\nCenter for Surgical Weight Management\n\nReferral Letter\n\nJune 23, 2017\n\nRe: Darren Peloso Letter of Medical Necessity\n\nDear Dr. John Doe\nI am referring Darren Peloso for evaluation and consideration for Physical\ntherapy management\n\nI have been Thelma Anderson â€™s primary care physician for the past 3 years.\nI have supervised several of her/his weight control diets and programs. None of these\nhave resulted in any sustained weight loss. As a result of this persistent morbid obesity,\nher/his co-morbid conditions are becoming more difficult to manage. These co-morbid\nconditions are as follows:\n\nDuration: Medication:\n1. Hypertension 3 years Norvasc/Tenormin\n2. Diabetes Mellitus 5 years Glucophage\n3. Obesity Related Depression 3 years Prozac\n\nLosing weight will certainly make these conditions easier to manage. Since non-surgical\nprograms have failed to provide any long-term benefits for the patient, I feel surgery is\nher/his only option.\n\nI anticipate that this will provide her/him with a significantly improved quality of life.\n\nSincerely,\n\n\n"
}