{
  "batchId" : "0c585a0e-4c48-441b-a1f2-c66aa0128ea1",
  "batchTimestamp" : "2018-12-04T01:40:27Z",
  "categories" : [ {
    "label" : "/technology and computing/hardware/computer/servers",
    "score" : 0.721586
  }, {
    "label" : "/technology and computing/software/databases",
    "score" : 0.717074
  }, {
    "label" : "/business and industrial/business operations/business plans",
    "score" : 0.691796
  } ],
  "concepts" : [ {
    "dbpediaResource" : "http://dbpedia.org/resource/Information_science",
    "relevance" : 0.952944,
    "text" : "Information science"
  }, {
    "dbpediaResource" : "http://dbpedia.org/resource/Document_Management_System",
    "relevance" : 0.67451,
    "text" : "Document Management System"
  }, {
    "dbpediaResource" : "http://dbpedia.org/resource/Document",
    "relevance" : 0.578291,
    "text" : "Document"
  }, {
    "dbpediaResource" : "http://dbpedia.org/resource/Documents",
    "relevance" : 0.572896,
    "text" : "Documents"
  }, {
    "dbpediaResource" : "http://dbpedia.org/resource/C++",
    "relevance" : 0.505123,
    "text" : "C++"
  }, {
    "dbpediaResource" : "http://dbpedia.org/resource/Data_management",
    "relevance" : 0.502003,
    "text" : "Data management"
  }, {
    "dbpediaResource" : "http://dbpedia.org/resource/Content_management_systems",
    "relevance" : 0.49828,
    "text" : "Content management systems"
  }, {
    "dbpediaResource" : "http://dbpedia.org/resource/Document_management_system",
    "relevance" : 0.497154,
    "text" : "Document management system"
  }, {
    "dbpediaResource" : "http://dbpedia.org/resource/Template",
    "relevance" : 0.496115,
    "text" : "Template"
  }, {
    "dbpediaResource" : "http://dbpedia.org/resource/Technical_documentation",
    "relevance" : 0.492026,
    "text" : "Technical documentation"
  }, {
    "dbpediaResource" : "http://dbpedia.org/resource/Data",
    "relevance" : 0.483295,
    "text" : "Data"
  }, {
    "dbpediaResource" : "http://dbpedia.org/resource/Document_interface",
    "relevance" : 0.47481,
    "text" : "Document interface"
  } ],
  "entities" : [ {
    "count" : 9,
    "disambiguation" : null,
    "emotion" : null,
    "mentions" : null,
    "relevance" : 0.571849,
    "sentiment" : null,
    "text" : "engineer",
    "type" : "JobTitle"
  }, {
    "count" : 1,
    "disambiguation" : null,
    "emotion" : null,
    "mentions" : null,
    "relevance" : 0.326934,
    "sentiment" : null,
    "text" : "Engineer",
    "type" : "JobTitle"
  }, {
    "count" : 1,
    "disambiguation" : null,
    "emotion" : null,
    "mentions" : null,
    "relevance" : 0.284232,
    "sentiment" : null,
    "text" : "Kathleen",
    "type" : "Person"
  }, {
    "count" : 1,
    "disambiguation" : {
      "dbpediaResource" : null,
      "name" : null,
      "subtype" : [ "City" ]
    },
    "emotion" : null,
    "mentions" : null,
    "relevance" : 0.227409,
    "sentiment" : null,
    "text" : "templatesâ€¦",
    "type" : "Location"
  }, {
    "count" : 1,
    "disambiguation" : null,
    "emotion" : null,
    "mentions" : null,
    "relevance" : 0.186488,
    "sentiment" : null,
    "text" : "administrator",
    "type" : "JobTitle"
  } ],
  "fileName" : "ESMMeetingNotes.docx",
  "keywords" : [ {
    "emotion" : null,
    "relevance" : 0.735443,
    "sentiment" : null,
    "text" : "different document types"
  }, {
    "emotion" : null,
    "relevance" : 0.672965,
    "sentiment" : null,
    "text" : "key data"
  }, {
    "emotion" : null,
    "relevance" : 0.650084,
    "sentiment" : null,
    "text" : "meta data"
  }, {
    "emotion" : null,
    "relevance" : 0.628675,
    "sentiment" : null,
    "text" : "role of the responsible engineer"
  }, {
    "emotion" : null,
    "relevance" : 0.610347,
    "sentiment" : null,
    "text" : "lots of different types of documents"
  }, {
    "emotion" : null,
    "relevance" : 0.606189,
    "sentiment" : null,
    "text" : "Responsible engineer"
  }, {
    "emotion" : null,
    "relevance" : 0.605195,
    "sentiment" : null,
    "text" : "approval steps"
  }, {
    "emotion" : null,
    "relevance" : 0.565458,
    "sentiment" : null,
    "text" : "new templates"
  }, {
    "emotion" : null,
    "relevance" : 0.562886,
    "sentiment" : null,
    "text" : "final upload"
  }, {
    "emotion" : null,
    "relevance" : 0.559867,
    "sentiment" : null,
    "text" : "generic document"
  }, {
    "emotion" : null,
    "relevance" : 0.553927,
    "sentiment" : null,
    "text" : "steps"
  }, {
    "emotion" : null,
    "relevance" : 0.552324,
    "sentiment" : null,
    "text" : "document control"
  }, {
    "emotion" : null,
    "relevance" : 0.55044,
    "sentiment" : null,
    "text" : "EDMS Number Request doc"
  }, {
    "emotion" : null,
    "relevance" : 0.54578,
    "sentiment" : null,
    "text" : "Use Case Questions"
  }, {
    "emotion" : null,
    "relevance" : 0.544729,
    "sentiment" : null,
    "text" : "Specification documents"
  }, {
    "emotion" : null,
    "relevance" : 0.542897,
    "sentiment" : null,
    "text" : "place holder creation"
  }, {
    "emotion" : null,
    "relevance" : 0.540703,
    "sentiment" : null,
    "text" : "Final document"
  }, {
    "emotion" : null,
    "relevance" : 0.534062,
    "sentiment" : null,
    "text" : "one id value"
  }, {
    "emotion" : null,
    "relevance" : 0.532236,
    "sentiment" : null,
    "text" : "review process"
  }, {
    "emotion" : null,
    "relevance" : 0.531439,
    "sentiment" : null,
    "text" : "single document"
  }, {
    "emotion" : null,
    "relevance" : 0.528953,
    "sentiment" : null,
    "text" : "lets outline options"
  }, {
    "emotion" : null,
    "relevance" : 0.525363,
    "sentiment" : null,
    "text" : "engineer"
  }, {
    "emotion" : null,
    "relevance" : 0.524612,
    "sentiment" : null,
    "text" : "different types"
  }, {
    "emotion" : null,
    "relevance" : 0.523438,
    "sentiment" : null,
    "text" : "review document"
  }, {
    "emotion" : null,
    "relevance" : 0.522785,
    "sentiment" : null,
    "text" : "templates"
  }, {
    "emotion" : null,
    "relevance" : 0.522655,
    "sentiment" : null,
    "text" : "review"
  }, {
    "emotion" : null,
    "relevance" : 0.522461,
    "sentiment" : null,
    "text" : "document types"
  }, {
    "emotion" : null,
    "relevance" : 0.521047,
    "sentiment" : null,
    "text" : "list of relevant templates"
  }, {
    "emotion" : null,
    "relevance" : 0.520802,
    "sentiment" : null,
    "text" : "comments"
  }, {
    "emotion" : null,
    "relevance" : 0.519558,
    "sentiment" : null,
    "text" : "different group"
  }, {
    "emotion" : null,
    "relevance" : 0.519376,
    "sentiment" : null,
    "text" : "comment form"
  }, {
    "emotion" : null,
    "relevance" : 0.518038,
    "sentiment" : null,
    "text" : "step"
  }, {
    "emotion" : null,
    "relevance" : 0.516735,
    "sentiment" : null,
    "text" : "new document"
  }, {
    "emotion" : null,
    "relevance" : 0.516637,
    "sentiment" : null,
    "text" : "draft"
  }, {
    "emotion" : null,
    "relevance" : 0.516129,
    "sentiment" : null,
    "text" : "originator"
  }, {
    "emotion" : null,
    "relevance" : 0.51594,
    "sentiment" : null,
    "text" : "Document control team"
  }, {
    "emotion" : null,
    "relevance" : 0.515316,
    "sentiment" : null,
    "text" : "particular discipline"
  }, {
    "emotion" : null,
    "relevance" : 0.514784,
    "sentiment" : null,
    "text" : "specification"
  }, {
    "emotion" : null,
    "relevance" : 0.512365,
    "sentiment" : null,
    "text" : "process"
  }, {
    "emotion" : null,
    "relevance" : 0.512238,
    "sentiment" : null,
    "text" : "usual review process"
  }, {
    "emotion" : null,
    "relevance" : 0.511988,
    "sentiment" : null,
    "text" : "Option"
  }, {
    "emotion" : null,
    "relevance" : 0.511556,
    "sentiment" : null,
    "text" : "work"
  }, {
    "emotion" : null,
    "relevance" : 0.511398,
    "sentiment" : null,
    "text" : "template"
  }, {
    "emotion" : null,
    "relevance" : 0.511115,
    "sentiment" : null,
    "text" : "sense"
  }, {
    "emotion" : null,
    "relevance" : 0.510845,
    "sentiment" : null,
    "text" : "EDMS request form"
  }, {
    "emotion" : null,
    "relevance" : 0.510527,
    "sentiment" : null,
    "text" : "data"
  }, {
    "emotion" : null,
    "relevance" : 0.509061,
    "sentiment" : null,
    "text" : "SharePoint"
  }, {
    "emotion" : null,
    "relevance" : 0.509002,
    "sentiment" : null,
    "text" : "Kathleen"
  }, {
    "emotion" : null,
    "relevance" : 0.508735,
    "sentiment" : null,
    "text" : "direction"
  }, {
    "emotion" : null,
    "relevance" : 0.508175,
    "sentiment" : null,
    "text" : "placeholder"
  } ],
  "sourceConnector" : "FileSystem Connector",
  "sourceEnrichment" : "Watson Natural Language Understanding",
  "sourceText" : "Use Case Questions\n1. Can you tell us the difference between the different document types?Â  2 templates, but lots of different types of documents.  There appear to be eleven different types based on the EDMS Number Request doc.Â  What influence does this have on the template to be used?Â Specific for specification and directive, otherwise, just control features on a generic document.   Kathleen is working on an initiative to create new templates.  Directive and Specification documents would presumably use their corresponding template, but what about the other document types?Â  Could be created by an originator with engineer sign off.  Would the Engineer intuitively know which one to use, told which direction to go from someone in document control or is there some sort of logic behind this that could perhaps be automated to select the appropriate template?  Ability to automate it is better.  Perhaps a list of relevant templates based on the spec.  Perhaps linking from dropdown lists to relevant templates could be done in the future.  Currently only directive and spec templates exist.  Typically there is a â€œsetâ€� of documents that are part of the Standard or supporting documents eg. Governing document.  Eventually key data from this set will be merged in to a single document.\n2. What are the steps that happen once EDMS request form is filled out and submitted until it is received back?Â  Is this work done within a different group?Â Document control team gets the EDMS number.  Not put in to EDMS until issued.  A placeholder will be put in(not a draft), name, contact info, etc.  This allows others to search and contact if the document is still in development.  Our understanding is that for a new document, a draft would be created from a template and saved to FileNet (this would assign the EDMS number). This draft is checked out of FileNet, and uploaded to SharePoint where it goes thru its authoring/review/approval steps. Once complete it would be checked back in to FileNet.Â  Again, it is our hope we could automate this process of acquiring the ID.Â  EDMS number is currently the one id value that is unique to the standard and will not change throughout the lifecycle of the standard document.  \n3. When is the meta data added to the document?  During place holder creation most is added to enable searching.  If not, added at SharePoint site as well.Â  Would it make sense to already have some meta data embedded in the templates to reduce this work going forward?  Categories of meta data can be defined in advance.Â  Is the meta data added during more than one step in the process or is it left until the final upload to FileNet and meta data is not added when putting the document in to SharePoint?  Meta data will be unique on each document, but types of meta data may overlap.  Final document may have different meta data.  Meta data entered twice, once in FileNet and once in SharePoint.\n4. Who is responsible for creation of new templates?Â  Document control.  Responsible engineer could create documents that may be evolved in to templatesâ€¦ not currently done.  Is this the role of the responsible engineer or the administrator?Â  Is there cases where this might be the same person?  Sessions to review amendments prior to change of an existing template.  Typically involves key stakeholders.\n5. Who is responsible for creation of new documents?  Someone in a particular discipline identifies the need for a new document.  New project may identify a need for a new document.  Can be created by anyone within the discipline.  If responsible engineer was originator, would be at least two more people that would have to sign off/review document before it could become a standard.\nÂ \n6. At step 4/5 - how do we know who the reviewers are? Reviewers must be the same as the people signing off on the document. Is this a predetermined list?  Yes.  May be additional reviewers to the list. Is it ad-hoc?  Option should exist.  Or a combination?  Collaboration can happen on a document outside of the usual review process.  Once checked in and meta data is updated it triggers the review process/workflow within SharePoint.\n\n7. Step 4/5 - Do we want an option to send off tasks for collaborative reviews before we do the actual review?\n\n8. Step 6 - How do we want to capture comments/markups on the document - lets outline options to the business, but suggest they pick only 1 - as this will minimize training  can be documented in comment form or via â€˜track changesâ€™ feature.  Desire for concurrent reviews. \n\n9. Step 6 - It says \"QMDC collate and send comments to originator\" - does that mean all the review tasks come back to QM and not the originator?  Comments are collated first and then sent back to the originator for review.\n\n"
}